,train_loss,val_loss,N_Hidden,N_Layer
0,0.7046848036799601,0.4466828406931272,500,2
1,0.4253223710159549,0.29134939599843557,500,2
2,0.28011856568866594,0.1844595941039025,500,2
3,0.1901975192624739,0.13970014436214548,500,2
4,0.14217268703414904,0.10339662932487391,500,2
5,0.11728855380202173,0.09580452071397802,500,2
6,0.10590788237702178,0.0850751885830766,500,2
7,0.08605272797269826,0.07446658585497269,500,2
8,0.08240702741978773,0.06324330654424505,500,2
9,0.06997620511530678,0.057601581392188836,500,2
10,0.06643308405516753,0.056093827497364045,500,2
11,0.06151075843188664,0.047377240036591564,500,2
12,0.05744578966084983,0.05294968245111881,500,2
13,0.05658297727600159,0.05210835400943119,500,2
14,0.055754697239387405,0.04763201678944452,500,2
15,0.053978695153708005,0.043203847463902746,500,2
16,0.046942196688279966,0.045722146317094245,500,2
17,0.04916710918792712,0.04158998038217255,500,2
18,0.04990155578749955,0.0421405170976541,500,2
19,0.046801490947731006,0.038482933857881464,500,2
20,0.04483209310614096,0.03652059410654742,500,2
21,0.04269051535008292,0.03579186511256174,500,2
22,0.04149119852670059,0.03426331133192627,500,2
23,0.04323766913763147,0.035722936912853276,500,2
24,0.03832469928225535,0.03112733626013968,500,2
25,0.03773321036292156,0.033035109725626996,500,2
26,0.03598196420197701,0.03126858654703461,500,2
27,0.035264239361110596,0.029909480415711114,500,2
28,0.03484385421226008,0.029753691848231244,500,2
29,0.03512186366585822,0.030293053061594494,500,2
30,0.036761520056133166,0.03118148003449933,500,2
31,0.03242042734182083,0.028018141046649025,500,2
32,0.03090106967747445,0.026711452796476937,500,2
33,0.03322035300305183,0.030163761590918527,500,2
34,0.032850772007642755,0.023902272811290474,500,2
35,0.028969975289880746,0.026067387698355822,500,2
36,0.028593476224073867,0.026786441747100976,500,2
37,0.0315528225504248,0.025849467095758413,500,2
38,0.029334676961646804,0.024517598447383875,500,2
39,0.02786248555305581,0.025442827105090566,500,2
40,0.030096269430661928,0.02779190551441268,500,2
41,0.02892519111987304,0.02839798378705289,500,2
42,0.028954931840905123,0.02397122861080643,500,2
43,0.025886545328411243,0.021890728839542208,500,2
44,0.028314009896858804,0.023565178376367468,500,2
45,0.02671728710710793,0.021452904307594573,500,2
46,0.02599675037862639,0.02220016488553154,500,2
47,0.024378145297030692,0.019841132616894873,500,2
48,0.024132683909159323,0.022871302700668512,500,2
49,0.026486060719494244,0.019168989227046518,500,2
50,0.025299560656431394,0.026105135412148518,500,2
51,0.026912487085747363,0.023187271663288617,500,2
52,0.025229989806322472,0.01955591560615011,500,2
53,0.022576925752617806,0.01743712015015153,500,2
54,0.021506549626022615,0.018659192519194,500,2
55,0.02364860321208756,0.019697664687269575,500,2
56,0.025274415570834267,0.01989734249169714,500,2
57,0.02100190385243626,0.01913604875652974,500,2
58,0.02192924437669307,0.019233462972626403,500,2
59,0.02223711122991313,0.019993668529607173,500,2
60,0.022814087498349418,0.01890231480173571,500,2
61,0.021443276176675685,0.018496250132012886,500,2
62,0.020428051660048675,0.01667761604779378,500,2
63,0.020926677475786908,0.01685995235575082,500,2
64,0.01969735973567854,0.018470051593095248,500,2
65,0.01994787305911664,0.01601187905373599,500,2
66,0.019443614995966165,0.016894710587697544,500,2
67,0.018937938843390477,0.016642192282807354,500,2
68,0.020442192031089566,0.015315693401265481,500,2
69,0.018907997825789224,0.015867092626148,500,2
70,0.01948484549329471,0.0145824809277067,500,2
71,0.019002310078026635,0.015419084561377389,500,2
72,0.017726374405149844,0.017385339786112508,500,2
73,0.01826356702987077,0.015599112395456449,500,2
74,0.018455616739894824,0.016348390906271965,500,2
75,0.01719294368936565,0.013585979029115043,500,2
76,0.017120195275285296,0.014398604504980797,500,2
77,0.017843454553011704,0.013065938556140872,500,2
78,0.016158406493568436,0.013314025343158724,500,2
79,0.016133180264310362,0.01291712737779108,500,2
80,0.016790205350916267,0.014567518429273342,500,2
81,0.016324884474800513,0.013791591764229666,500,2
82,0.01579994530987212,0.012834675158927921,500,2
83,0.016687176145883872,0.012161256035471926,500,2
84,0.016422720745625154,0.012819992370779753,500,2
85,0.016859670099563462,0.013626749767549646,500,2
86,0.015030952492369945,0.013427830987281364,500,2
87,0.01507601117339984,0.012727124191360586,500,2
88,0.015910491610112522,0.012404072493540499,500,2
89,0.015597776134546748,0.01194803377482022,500,2
90,0.014216202141619057,0.011571921795558406,500,2
91,0.013633279468701326,0.011980518739225633,500,2
92,0.015527698609159157,0.0113568351126129,500,2
93,0.014382569722930769,0.011380759373835743,500,2
94,0.013975850339339483,0.011054512886537235,500,2
95,0.014260021881883932,0.00983816644061065,500,2
96,0.01425508162019644,0.01273175575414356,500,2
97,0.01498821638408285,0.011837721141201178,500,2
98,0.013537693482934028,0.012176485389333618,500,2
99,0.013099759870576972,0.010158664087151088,500,2
100,0.6956886973569885,0.42349583577860417,1000,2
101,0.409470629217108,0.272563909961351,1000,2
102,0.26064000518089403,0.18050062015937907,1000,2
103,0.18602408702025733,0.1381797242473148,1000,2
104,0.14351253968818467,0.10429310083934072,1000,2
105,0.1096848693617718,0.09462675025986073,1000,2
106,0.10260055417941259,0.0809113906200078,1000,2
107,0.08593036501218952,0.06627939699175309,1000,2
108,0.0779921610811456,0.06517846560678035,1000,2
109,0.07195640556518489,0.06051717784027646,1000,2
110,0.06847745375807564,0.05308537708905551,1000,2
111,0.057331875199560754,0.05207635197944373,1000,2
112,0.05665903916511887,0.05250343873475764,1000,2
113,0.05606439600865016,0.047564309051383695,1000,2
114,0.05622861697626306,0.04814894663332792,1000,2
115,0.052104723116787245,0.04606199700025748,1000,2
116,0.05051470348415175,0.039341436284724904,1000,2
117,0.047923857615554316,0.03890122433825377,1000,2
118,0.04616113719911532,0.03882073883920472,1000,2
119,0.04293305223050059,0.041294863046395416,1000,2
120,0.040354563300031454,0.041750388825380576,1000,2
121,0.04284724354207772,0.03644643191096616,1000,2
122,0.039896423695641205,0.036974654762294105,1000,2
123,0.037856797655327436,0.033790926037699155,1000,2
124,0.03879936633615818,0.037229960023041776,1000,2
125,0.03812463271445742,0.033167131270215214,1000,2
126,0.03654831168237506,0.03271681333057231,1000,2
127,0.036686847459724316,0.030479069521158014,1000,2
128,0.03374696034235433,0.028524391765687492,1000,2
129,0.031190550793448995,0.026022917478711247,1000,2
130,0.033036763782867885,0.029003514104441477,1000,2
131,0.03254130375243124,0.032315051409401586,1000,2
132,0.032103259285392864,0.02767325185868834,1000,2
133,0.031519999258813144,0.027146067992112683,1000,2
134,0.03070623496909477,0.026244367360839273,1000,2
135,0.02870220874378863,0.025982330145814518,1000,2
136,0.029555413345648766,0.02695271733064104,1000,2
137,0.02997114880795702,0.025798295907173713,1000,2
138,0.028412765561048537,0.021449925678352744,1000,2
139,0.027457168155511216,0.02248366577575777,1000,2
140,0.026342016136717085,0.023115233171218438,1000,2
141,0.026043266103779623,0.021382041384416052,1000,2
142,0.024953640768684948,0.027419769278168284,1000,2
143,0.028109939360845028,0.023070863304313585,1000,2
144,0.02680655396557937,0.020952231339784053,1000,2
145,0.02445038771531108,0.023484738833648138,1000,2
146,0.026179661927536957,0.021280346405757832,1000,2
147,0.02281943924872633,0.01744702545038883,1000,2
148,0.02181944818797186,0.02244560403166082,1000,2
149,0.022249835163436833,0.01887619840158233,1000,2
150,0.02169919926811905,0.02115634189764246,1000,2
151,0.02354999436983015,0.0245676046441798,1000,2
152,0.02389428928368616,0.020139017281148475,1000,2
153,0.023596988223700276,0.019403631868076983,1000,2
154,0.02124239317523098,0.02020426625173514,1000,2
155,0.020642486040712518,0.018828538858943727,1000,2
156,0.019652396295800713,0.016995721265151618,1000,2
157,0.020086455059228785,0.01709473000872637,1000,2
158,0.019212204820416856,0.015910063374509106,1000,2
159,0.018761696873290868,0.015593058521913079,1000,2
160,0.01871028547015364,0.0171267910997588,1000,2
161,0.01721094347250892,0.01657516356195855,1000,2
162,0.017702295135850043,0.016909112744146623,1000,2
163,0.019254951678834772,0.015214573064937393,1000,2
164,0.016541228455129446,0.01602000563321579,1000,2
165,0.017786692877515616,0.0144606280995555,1000,2
166,0.017034826059769886,0.016263031725580343,1000,2
167,0.018470070654510215,0.015693803059911,1000,2
168,0.01736940874042653,0.01352278804061228,1000,2
169,0.01732591859368478,0.014643740709984669,1000,2
170,0.01623962413909076,0.016304231661269136,1000,2
171,0.016973223566344894,0.014576367502523477,1000,2
172,0.0163433485093006,0.016939466895628783,1000,2
173,0.015777182011108542,0.01370245434984522,1000,2
174,0.015675353496547997,0.014732029910268965,1000,2
175,0.015649566179514518,0.012063737650003877,1000,2
176,0.014864318008924017,0.01415830577628477,1000,2
177,0.01605345021237077,0.015263615825610042,1000,2
178,0.016624317071617073,0.013328175285383078,1000,2
179,0.013953695329609796,0.013446644716881485,1000,2
180,0.014946844054327838,0.012130015920358206,1000,2
181,0.01330796630070879,0.012242553252145216,1000,2
182,0.014284060434091037,0.011956206137171103,1000,2
183,0.014780642384538228,0.013773331051298793,1000,2
184,0.01383921394197686,0.013134676734070969,1000,2
185,0.014638324664382118,0.013783396682983807,1000,2
186,0.013429107132754895,0.009085158567509216,1000,2
187,0.012538859145044599,0.012070114115448893,1000,2
188,0.014118801645121684,0.012502669082877506,1000,2
189,0.013996307240559207,0.01222164445062022,1000,2
190,0.014553740580622332,0.011899853598022694,1000,2
191,0.013187901139928668,0.011244469564866737,1000,2
192,0.012784366479593178,0.009781185597406247,1000,2
193,0.013010151882700549,0.010820515491853207,1000,2
194,0.012776248625539648,0.010252032209602196,1000,2
195,0.013378258640520708,0.00997700539045041,1000,2
196,0.013853575182262655,0.011859979402058927,1000,2
197,0.012794401175912958,0.00883917232251198,1000,2
198,0.013276308481032721,0.008609902184238894,1000,2
199,0.010687599830449795,0.008278095159990211,1000,2
200,0.6800527514941662,0.4275501640942212,1500,2
201,0.3935012030911699,0.26465497552301565,1500,2
202,0.26350964912570823,0.18932029997859823,1500,2
203,0.18903222320845037,0.1398024162703756,1500,2
204,0.13938435629417123,0.1141896321076757,1500,2
205,0.11576128097114252,0.09064273344081376,1500,2
206,0.09836426307511119,0.07828439949756555,1500,2
207,0.08522968803097802,0.07359511182234559,1500,2
208,0.08207346004895419,0.06851775852695222,1500,2
209,0.0724285728627369,0.06534230146877325,1500,2
210,0.06596413649711652,0.06889717446357542,1500,2
211,0.06443820526717715,0.05534851495675962,1500,2
212,0.06207348434846815,0.04759086163398306,1500,2
213,0.056504757536105114,0.04810935552387528,1500,2
214,0.05304291747446421,0.05079762215237726,1500,2
215,0.05415339764606108,0.04354118893357328,1500,2
216,0.0494691491002145,0.04544833153254312,1500,2
217,0.04544881640427335,0.03833729550346246,1500,2
218,0.04555620682020588,0.03790478491711955,1500,2
219,0.04501962760858539,0.04251882751694421,1500,2
220,0.046289848629346084,0.0397440800308806,1500,2
221,0.04484221557926848,0.03929298157473487,1500,2
222,0.0386754158419942,0.03453960203297496,1500,2
223,0.040511296445421535,0.036702215380918404,1500,2
224,0.03859322465038069,0.030871431561118226,1500,2
225,0.03560143627207272,0.029626909256515375,1500,2
226,0.03452469724505701,0.029937843222635145,1500,2
227,0.03422719813992724,0.03228431962538663,1500,2
228,0.03399790534722371,0.029257414699952473,1500,2
229,0.03212938530648938,0.03180135063793754,1500,2
230,0.030986770741814752,0.030933253473291754,1500,2
231,0.03261771735962603,0.025779010044394656,1500,2
232,0.03174601669762877,0.02934584192691914,1500,2
233,0.029013177235032876,0.025403847930731405,1500,2
234,0.030281976511094964,0.02838708388934481,1500,2
235,0.028271543616180166,0.02512809652889763,1500,2
236,0.0280014581058567,0.024290028227961263,1500,2
237,0.028613546023349028,0.029767799708016615,1500,2
238,0.02935214733958898,0.027226982023170986,1500,2
239,0.028275506770973447,0.025158967749938737,1500,2
240,0.02613551843324191,0.024427536220079586,1500,2
241,0.024678892041629645,0.025892548759508336,1500,2
242,0.03152421176453113,0.02230185560635628,1500,2
243,0.025187893131629738,0.022187212714249394,1500,2
244,0.02491395312412867,0.024244012361941118,1500,2
245,0.025395336869286758,0.021254618574942232,1500,2
246,0.023646305756119233,0.02167001628823895,1500,2
247,0.02318061749471593,0.02158860629195962,1500,2
248,0.023425331521040205,0.02431002559555978,1500,2
249,0.023795649152445975,0.019901301728043694,1500,2
250,0.023466128698648617,0.019178992598104492,1500,2
251,0.023554840098884686,0.018329092688571046,1500,2
252,0.02063465295701514,0.016490773187015778,1500,2
253,0.020382136924236308,0.017903760231782025,1500,2
254,0.020771175028447657,0.021452773679330357,1500,2
255,0.0214545266071343,0.016838561016836825,1500,2
256,0.0202989883404238,0.020881086920328834,1500,2
257,0.02008169975417954,0.019129193302588998,1500,2
258,0.021988878049744132,0.01953876805674661,1500,2
259,0.018578090646942512,0.019718500606734198,1500,2
260,0.01844142835968031,0.015104492721463298,1500,2
261,0.01858573623086857,0.01693548060363535,1500,2
262,0.018240058988238946,0.015273895865396608,1500,2
263,0.019231092002203475,0.016904079992324444,1500,2
264,0.018326668199671436,0.014948585318069425,1500,2
265,0.01755954106703899,0.015264206889003285,1500,2
266,0.018704420920299718,0.014342949514511264,1500,2
267,0.015311000303655814,0.01452670646540717,1500,2
268,0.01751884846227672,0.015957955246777917,1500,2
269,0.01740079994681297,0.01361582497638255,1500,2
270,0.016089631311305235,0.013792988914325184,1500,2
271,0.017670519072862424,0.013357930529113627,1500,2
272,0.015701736369021554,0.013241748822226868,1500,2
273,0.017710646906987627,0.014305353938548478,1500,2
274,0.01877098332040507,0.013804285390148135,1500,2
275,0.015832231943547836,0.013332180056660219,1500,2
276,0.015017325141215024,0.012893488447637564,1500,2
277,0.014751618276252342,0.01237045298288943,1500,2
278,0.014610377109587926,0.012203239601243471,1500,2
279,0.015289692579920723,0.013921797304862376,1500,2
280,0.013853061026544032,0.014861859835099118,1500,2
281,0.016875466447727378,0.013138392199237988,1500,2
282,0.01454487099511402,0.014886610619562474,1500,2
283,0.014671355959091956,0.012682321987654665,1500,2
284,0.01527926453396263,0.011562972284003587,1500,2
285,0.015260788640469944,0.01249187383818036,1500,2
286,0.013901519441385339,0.012793921146356522,1500,2
287,0.013806250518763349,0.011159588355797284,1500,2
288,0.013950068921313851,0.011473621614662121,1500,2
289,0.013605891279447457,0.012315732803995796,1500,2
290,0.012889528015575788,0.010572581872230619,1500,2
291,0.013313677413839476,0.011832658884817483,1500,2
292,0.013420947741706143,0.010924182130426605,1500,2
293,0.013158738744009172,0.010966147735878336,1500,2
294,0.013715692553904016,0.010805172514132967,1500,2
295,0.013671140844234656,0.011339807081224812,1500,2
296,0.012301912021217118,0.010355230609594548,1500,2
297,0.011951234401654147,0.009370312768568046,1500,2
298,0.011752063583914672,0.010660002439207492,1500,2
299,0.012548110305914155,0.011004371059541568,1500,2
300,0.6655194223035568,0.4124940777551857,2000,2
301,0.39830450659574235,0.2558025620538469,2000,2
302,0.24861281504332827,0.16808550805019382,2000,2
303,0.17955916849976342,0.12438653942135187,2000,2
304,0.14070027805925164,0.11233150641876609,2000,2
305,0.1149339103959572,0.09081323335083513,2000,2
306,0.10041425060411063,0.08207511957806467,2000,2
307,0.09135156727698011,0.07946278951486828,2000,2
308,0.07938855131572578,0.06749078488837254,2000,2
309,0.07564970056096645,0.05915176298575404,2000,2
310,0.06689830682366871,0.05378647811166766,2000,2
311,0.06283963028180138,0.054149941307553726,2000,2
312,0.059765631744540665,0.05348657735159189,2000,2
313,0.05688351921526016,0.04689593224714097,2000,2
314,0.05421713730841471,0.042255353292937246,2000,2
315,0.05047747940493503,0.04645430272669895,2000,2
316,0.05397804497366959,0.045878303774216006,2000,2
317,0.04886368711615296,0.04482502324127012,2000,2
318,0.042751802151256534,0.038001478729227725,2000,2
319,0.04421602192189598,0.03910795191633553,2000,2
320,0.04814001959005373,0.040428529657987454,2000,2
321,0.044759299457429354,0.039438327369866646,2000,2
322,0.03979554445095683,0.03792487233554754,2000,2
323,0.0390956147258132,0.03154955131681824,2000,2
324,0.035677388917964195,0.034334913338629536,2000,2
325,0.038350240889455836,0.033403991524546144,2000,2
326,0.03410938623338054,0.032313159564699205,2000,2
327,0.03448504507089725,0.033629098203336795,2000,2
328,0.03344839517124362,0.031988310755808734,2000,2
329,0.035070471516947144,0.03062272931479013,2000,2
330,0.03337466845275545,0.02870652200157289,2000,2
331,0.032340473551755865,0.026287089454117896,2000,2
332,0.030924824438138133,0.024554881091439388,2000,2
333,0.030536721786871595,0.029089020179855905,2000,2
334,0.031032694463719947,0.025187077110832966,2000,2
335,0.030084367138695202,0.027027741143210177,2000,2
336,0.031185153072692023,0.02870439765560096,2000,2
337,0.027696314643727005,0.026300213596295134,2000,2
338,0.029321718052217158,0.02827326847293243,2000,2
339,0.0288734515776812,0.023738855597843344,2000,2
340,0.026358817444528285,0.023601706349217412,2000,2
341,0.027048789302304546,0.024269536567387222,2000,2
342,0.025749978882141745,0.022585247722360192,2000,2
343,0.027673955812541125,0.02571893714157378,2000,2
344,0.027594197407527152,0.023514701746600624,2000,2
345,0.023399377471432663,0.02144866796984947,2000,2
346,0.022908259674646037,0.01939062514942471,2000,2
347,0.023253825372640865,0.022201553377988403,2000,2
348,0.023687884835634054,0.020827476754079623,2000,2
349,0.021611423420738875,0.01673507206040531,2000,2
350,0.021590127819806057,0.024898585419306316,2000,2
351,0.02379647473587422,0.02544849213563088,2000,2
352,0.023568647016015045,0.01794627740400138,2000,2
353,0.02062972030779376,0.018730782085523315,2000,2
354,0.020215101606002383,0.017398139291552175,2000,2
355,0.020257293356129594,0.017088521935081515,2000,2
356,0.020083587939821096,0.01613181376688932,2000,2
357,0.020417359623316537,0.017803234586898486,2000,2
358,0.019049976141737143,0.016401196628102365,2000,2
359,0.018071765486281078,0.02114803148588062,2000,2
360,0.019120638217005607,0.017490142571229744,2000,2
361,0.020261893228668386,0.016482604146122914,2000,2
362,0.017782784734022557,0.015042689617995252,2000,2
363,0.018332828162962053,0.017829531010052364,2000,2
364,0.01832303250955748,0.01504158536081222,2000,2
365,0.01843421024695836,0.018690456009309176,2000,2
366,0.018011818273867986,0.014986621552749055,2000,2
367,0.0166515733236454,0.012797760458141134,2000,2
368,0.01794760310555273,0.014592565115287358,2000,2
369,0.018373709563468805,0.012969027678749558,2000,2
370,0.014430586922406374,0.012412493720773014,2000,2
371,0.015377060136816756,0.011720853584050964,2000,2
372,0.01581542951785204,0.013668319326365974,2000,2
373,0.016361836138459342,0.01322719642698638,2000,2
374,0.016216441578575578,0.014863591284125437,2000,2
375,0.016412135146591896,0.012703532368639015,2000,2
376,0.015148861557653133,0.014689537877452396,2000,2
377,0.015004562423220643,0.011599146847382611,2000,2
378,0.014910294793006224,0.01284084638673266,2000,2
379,0.015689247011952918,0.013462111083209008,2000,2
380,0.013976771270005883,0.012725894942337617,2000,2
381,0.013971396950982333,0.01167577341774113,2000,2
382,0.014517948430060577,0.01505764317315595,2000,2
383,0.013999212477745732,0.012444970683680829,2000,2
384,0.014890045111527316,0.01215887750091188,2000,2
385,0.014322313287371519,0.011600166701357894,2000,2
386,0.015120002113580912,0.014565210064592467,2000,2
387,0.014678842890078982,0.012596269856825857,2000,2
388,0.012873311237531482,0.011127320485583202,2000,2
389,0.012562313691102283,0.011246768656874424,2000,2
390,0.015006951998547832,0.011756399209912952,2000,2
391,0.01348909934325059,0.012522504071934379,2000,2
392,0.012582113284152823,0.011170347330658442,2000,2
393,0.013661914612563221,0.011610010947068162,2000,2
394,0.011241826061438387,0.00976528937944285,2000,2
395,0.013815334066588521,0.010647208092768711,2000,2
396,0.011380355781746457,0.010125021261084263,2000,2
397,0.012262349530554953,0.009955101171103469,2000,2
398,0.012176921507457777,0.013653453112850406,2000,2
399,0.015058135865989765,0.011125759627104766,2000,2
400,0.7342573917190288,0.447044031727441,500,3
401,0.4160026678117343,0.2548126955079756,500,3
402,0.25772676845620146,0.1719789627237915,500,3
403,0.18193829399066155,0.12818397508348597,500,3
404,0.14654189542772603,0.1028365140372111,500,3
405,0.12285390287282885,0.09355552757401198,500,3
406,0.1079605042255569,0.08458391069288847,500,3
407,0.09550324519586365,0.0764999369551874,500,3
408,0.0889230640422985,0.07655553548899974,500,3
409,0.08423822361824464,0.060053790127080516,500,3
410,0.07290844913050365,0.056954789182240464,500,3
411,0.07034528582242482,0.06423978830333131,500,3
412,0.0644205100968644,0.05711959982510258,500,3
413,0.06033475082207041,0.05158821702947288,500,3
414,0.062060495501617165,0.04516367478878406,500,3
415,0.053738986792082284,0.049299565290288574,500,3
416,0.05708552850491715,0.04375232424562603,500,3
417,0.051242913187297234,0.04117873665778023,500,3
418,0.04812597042666276,0.03865662697462396,500,3
419,0.04901776855710042,0.04080736981831863,500,3
420,0.047000820314637724,0.04103095633117174,500,3
421,0.04710178434942957,0.03294546023158405,500,3
422,0.04519303485502599,0.03686558547061226,500,3
423,0.042064185850209636,0.03546762582189002,500,3
424,0.04093981220018715,0.035445604230263404,500,3
425,0.04470917586633,0.03374755350432389,500,3
426,0.03765949068790537,0.03192056845204651,500,3
427,0.03689415715079117,0.0305338346206657,500,3
428,0.037926160681645255,0.035794591974879914,500,3
429,0.03836692076494932,0.030370413507964,500,3
430,0.036398292740566066,0.033420727187785805,500,3
431,0.03916932917280059,0.03481944287122485,500,3
432,0.036176903393048764,0.027160204392360422,500,3
433,0.03511958678289273,0.027910943822066363,500,3
434,0.034269775654325575,0.02796924409925955,500,3
435,0.033474474649438535,0.029000707038337726,500,3
436,0.03442415256268347,0.028911053571722366,500,3
437,0.0328377231117647,0.028774585589627203,500,3
438,0.035688413278608645,0.02423300610209045,500,3
439,0.032250131388964626,0.02626392376716452,500,3
440,0.031628045662501915,0.026248111375156157,500,3
441,0.029708477469864596,0.025765338611522696,500,3
442,0.02968762560409827,0.025036158354861393,500,3
443,0.029871038072618917,0.030072761340345717,500,3
444,0.03179527340001831,0.02301346963593652,500,3
445,0.030518099006560665,0.027824122736246522,500,3
446,0.031087972534811336,0.026562995682402456,500,3
447,0.028748731616786403,0.022511660091693024,500,3
448,0.028312258213654993,0.021707898339269966,500,3
449,0.027332872695982276,0.0215825034437518,500,3
450,0.026909347961843758,0.02647531285869513,500,3
451,0.026684298332760193,0.021566137379265167,500,3
452,0.0265917411181488,0.02995441339906385,500,3
453,0.02709674122558331,0.027734025151729506,500,3
454,0.026986425207542356,0.021753837719527436,500,3
455,0.027633507304693286,0.02407473753734274,500,3
456,0.024903309385724843,0.026693859840899677,500,3
457,0.024873551181098175,0.01958315844257609,500,3
458,0.024557348124588495,0.01920864692988286,500,3
459,0.025032861855536236,0.02212746572444617,500,3
460,0.023911618621597235,0.01812125492401511,500,3
461,0.022643027642108557,0.0171856041345514,500,3
462,0.023768161651119057,0.022366232529020674,500,3
463,0.02267566764763431,0.02042582867264503,500,3
464,0.021707824959435466,0.017872151086279976,500,3
465,0.022548362917105023,0.018662379225655303,500,3
466,0.023034331513604126,0.017048326115379597,500,3
467,0.02075076591080741,0.019301030879860757,500,3
468,0.02225929379652843,0.021319015292533293,500,3
469,0.023987989793125785,0.01770869069507957,500,3
470,0.021654811623185,0.016107467251768058,500,3
471,0.02131667891447917,0.017308209617395362,500,3
472,0.021171169652724215,0.015113338582618605,500,3
473,0.018944886899117032,0.017989925658017256,500,3
474,0.019377199387970723,0.01863806752237933,500,3
475,0.02131282034916012,0.01974930484320203,500,3
476,0.02338133797758495,0.018481801890373403,500,3
477,0.019577383635492968,0.015978807979128484,500,3
478,0.019821207356324283,0.02429478656927307,500,3
479,0.019609630704593952,0.014228114026339698,500,3
480,0.019597874178713347,0.018966063000014417,500,3
481,0.018672059141138102,0.016824178414255354,500,3
482,0.018985539595023547,0.017169429569745515,500,3
483,0.018039352939105135,0.015001479979080029,500,3
484,0.017984089417724575,0.01736566535403464,500,3
485,0.018149926429440574,0.017030570098672648,500,3
486,0.017004026565048225,0.014987351077037898,500,3
487,0.01876120431202727,0.019664778096193783,500,3
488,0.017397011886835668,0.01830654254687525,500,3
489,0.017810446912503917,0.016941097314749118,500,3
490,0.017863670555858316,0.01244860411136123,500,3
491,0.017345147826901303,0.018411398656824014,500,3
492,0.01798302744636276,0.014405836270753787,500,3
493,0.015801917926691708,0.014278008226154859,500,3
494,0.016303903781870518,0.013159181332350289,500,3
495,0.0153704864151292,0.016040088468869798,500,3
496,0.016217740896802668,0.013491392110582371,500,3
497,0.015701252490935166,0.014526066635151044,500,3
498,0.017823534957472117,0.015471424883007356,500,3
499,0.01658317008551605,0.014147931646639848,500,3
500,0.6951024896924535,0.4397096149907539,1000,3
501,0.3960385561772183,0.2520432274019029,1000,3
502,0.25142782761904053,0.18331590226393055,1000,3
503,0.1873761058415647,0.1377860883937347,1000,3
504,0.14409676618463868,0.11168964121221714,1000,3
505,0.12128784229912956,0.0929623268574904,1000,3
506,0.10851059544726017,0.08702879802363023,1000,3
507,0.09698864271236829,0.081222873042129,1000,3
508,0.0875800857042098,0.07431169264062625,1000,3
509,0.07791666485067474,0.06492680566450622,1000,3
510,0.0701739261426094,0.05625881637724347,1000,3
511,0.06866378518078708,0.05449580231678738,1000,3
512,0.06898878579003552,0.05122647058094365,1000,3
513,0.06216613994121155,0.050641635956509716,1000,3
514,0.05492941685191387,0.049711413862981495,1000,3
515,0.056460759021308246,0.051653399319378984,1000,3
516,0.050566611833627914,0.04333259880290225,1000,3
517,0.05417729446820733,0.038697336497181704,1000,3
518,0.049998765505170795,0.04244530842407388,1000,3
519,0.05124049709456066,0.042752639005115244,1000,3
520,0.04545984210121134,0.03761579943812845,1000,3
521,0.043849528941006403,0.03677750928908156,1000,3
522,0.04682658377883544,0.03698355696631664,1000,3
523,0.04419331795167148,0.039878683984676866,1000,3
524,0.044174376991155534,0.036581874140799796,1000,3
525,0.039873768547237724,0.03729130397697719,1000,3
526,0.038102776678706374,0.030574011100321288,1000,3
527,0.03847584237971477,0.03489285921477515,1000,3
528,0.04226947053030062,0.031100715302967725,1000,3
529,0.035808353645292085,0.03441897283827822,1000,3
530,0.038922906930844374,0.03260693876032762,1000,3
531,0.036672985510954687,0.02962958015855426,1000,3
532,0.03667506858732741,0.02761340439675684,1000,3
533,0.03229597833694073,0.027900045387100746,1000,3
534,0.03092263209016195,0.02536067812799441,1000,3
535,0.034510893444671016,0.030552927070254605,1000,3
536,0.03096029904661592,0.027832566830961733,1000,3
537,0.03383756747170214,0.02911230477604449,1000,3
538,0.031474018119840054,0.024086880973530622,1000,3
539,0.029912521710196278,0.026213869346948714,1000,3
540,0.03057985910841271,0.026259320083212603,1000,3
541,0.029200249725593846,0.02382127770868368,1000,3
542,0.031225325876724174,0.025921034424873084,1000,3
543,0.030388734523933585,0.025040389713652612,1000,3
544,0.028712087804330884,0.02152732495694416,1000,3
545,0.026313485803531312,0.021463459539874996,1000,3
546,0.02814882941099168,0.021759370530129447,1000,3
547,0.026868329909130195,0.022304601950430082,1000,3
548,0.02708859673731202,0.02559657469700829,1000,3
549,0.028457608925915916,0.02148228217167702,1000,3
550,0.026095266612129662,0.02280372367164513,1000,3
551,0.02534156585467679,0.020788322816534584,1000,3
552,0.025341001716422697,0.022585315552614192,1000,3
553,0.024587039485335905,0.01956198262261433,1000,3
554,0.02497867984709475,0.0314945180423883,1000,3
555,0.026377609535030346,0.018736196426888285,1000,3
556,0.02185726095023943,0.017871956312868836,1000,3
557,0.02212884572578126,0.018399192790598793,1000,3
558,0.02296024578153839,0.024406412310013833,1000,3
559,0.023563477799612622,0.0182029658215006,1000,3
560,0.021886006971760266,0.016545581385511973,1000,3
561,0.021198748251177433,0.021412122736554004,1000,3
562,0.0236117845937073,0.018195122611196893,1000,3
563,0.024160810442010426,0.01790237775598402,1000,3
564,0.022971638576420754,0.018975169982667146,1000,3
565,0.020496957836742876,0.017235881003554318,1000,3
566,0.021973095581911153,0.015846876484231297,1000,3
567,0.020609639866437542,0.016428505051647908,1000,3
568,0.019265199157298723,0.013070219113597912,1000,3
569,0.021094315640657006,0.015824563037191475,1000,3
570,0.02105512197332286,0.018376886362205882,1000,3
571,0.020382308989190696,0.017685844070837863,1000,3
572,0.02110743293402216,0.01676099342559953,1000,3
573,0.019654513880236854,0.01719516250875507,1000,3
574,0.017998869005057143,0.014824563413088,1000,3
575,0.019426542255398194,0.016383173915265257,1000,3
576,0.020350950019735206,0.014767679877964691,1000,3
577,0.01737219946335575,0.013363486569473318,1000,3
578,0.018076733764379387,0.01438934104772465,1000,3
579,0.019027077678461828,0.01392324610178647,1000,3
580,0.017457863000137564,0.01878991548960188,1000,3
581,0.018714640915577826,0.01608669480234951,1000,3
582,0.019978116093257208,0.023734310810877533,1000,3
583,0.01811469488075347,0.013865732189192216,1000,3
584,0.01783188777492569,0.01422237298913356,1000,3
585,0.018426642596498788,0.013612671885953925,1000,3
586,0.016423274323583138,0.01174565724526406,1000,3
587,0.015764824440188986,0.01448178448303822,1000,3
588,0.017062196710389898,0.014153611418766901,1000,3
589,0.016931928122155222,0.015952611388163847,1000,3
590,0.01763935681685069,0.013160690462610909,1000,3
591,0.017405553324411703,0.011098954588414364,1000,3
592,0.01360659152784987,0.01717482738269252,1000,3
593,0.01606356918921177,0.016918813019289904,1000,3
594,0.013978539062677908,0.011530284094605672,1000,3
595,0.016957010836740487,0.017811842101595754,1000,3
596,0.01560049787386302,0.011485071620528598,1000,3
597,0.015089512480500961,0.012115552947355212,1000,3
598,0.016748202448064832,0.0110549692454358,1000,3
599,0.012831701387359583,0.010703394922845402,1000,3
600,0.6862360402509952,0.4285206136517121,1500,3
601,0.3880908022371,0.24621480245750366,1500,3
602,0.24280975638788807,0.17539201658546844,1500,3
603,0.17966927325195062,0.136193494113547,1500,3
604,0.14576224066218635,0.11324995008408217,1500,3
605,0.12263896699968814,0.0880455670466675,1500,3
606,0.1043563199987527,0.08580224731449983,1500,3
607,0.09174341109101235,0.07387314438015292,1500,3
608,0.08391959145493186,0.06807873458653253,1500,3
609,0.07920660859152964,0.06795301564633906,1500,3
610,0.07347675456254572,0.05982438880473111,1500,3
611,0.06696466124668475,0.048664531694291205,1500,3
612,0.06313198928945132,0.05410639639657008,1500,3
613,0.0598979184178529,0.05004870745513913,1500,3
614,0.05880394459197679,0.050813829633589165,1500,3
615,0.05648323844911654,0.0447780866437218,1500,3
616,0.053791455450522156,0.04215959013597154,1500,3
617,0.050419277865378406,0.04295792530133597,1500,3
618,0.05172166464023703,0.04670764303677903,1500,3
619,0.05213265878921234,0.04436522394904074,1500,3
620,0.05059784837129591,0.04567847051212792,1500,3
621,0.043620266070025275,0.038245204407777664,1500,3
622,0.043512154076092234,0.048894532456809935,1500,3
623,0.04331687726130341,0.03670178772897437,1500,3
624,0.0421355989519078,0.0414703322934905,1500,3
625,0.040662264505326895,0.03493639440609337,1500,3
626,0.040500278951093115,0.03052532769552998,1500,3
627,0.04092692511485023,0.030687396120172888,1500,3
628,0.03849476858360987,0.030044469138126882,1500,3
629,0.03605134727754502,0.030039494977045954,1500,3
630,0.03525427953401169,0.03321837687255993,1500,3
631,0.03419707070317522,0.03160876407807021,1500,3
632,0.03831827543135663,0.03166092286917172,1500,3
633,0.03378394003199869,0.02904237693947547,1500,3
634,0.034823507675691256,0.028617719538780364,1500,3
635,0.035509337368147834,0.029222835378022168,1500,3
636,0.03423497721542127,0.03276906607905447,1500,3
637,0.034995008866865886,0.036694143932236134,1500,3
638,0.033039367046471216,0.0287521477342872,1500,3
639,0.030111885843517903,0.0300868518406153,1500,3
640,0.029427245291741205,0.023026285702104916,1500,3
641,0.03097064284439146,0.0268439963298989,1500,3
642,0.03195184300270376,0.028060460806496827,1500,3
643,0.03540016694572588,0.02815471892211602,1500,3
644,0.028669894678526348,0.021966809917339115,1500,3
645,0.026432346552855764,0.022222856610437273,1500,3
646,0.029016549864365058,0.023023238069841908,1500,3
647,0.027624048465546603,0.02388917374282418,1500,3
648,0.0257865051090819,0.018583667850005932,1500,3
649,0.023740586514863004,0.021522659182208134,1500,3
650,0.02579884566782359,0.03246353217356022,1500,3
651,0.026873161590334815,0.02844013254051492,1500,3
652,0.02528043019748527,0.020223959948040895,1500,3
653,0.022959989628303132,0.02411903126235277,1500,3
654,0.02527563506313982,0.022691782983794376,1500,3
655,0.02743535874709762,0.024263247676237932,1500,3
656,0.02540320361234198,0.03550064921892105,1500,3
657,0.025702402642972223,0.018308282037520454,1500,3
658,0.023710195305513198,0.021222634379410535,1500,3
659,0.023196500869537968,0.016642470226229666,1500,3
660,0.02047863019504568,0.0207503811650313,1500,3
661,0.02121201596932134,0.016461103375819068,1500,3
662,0.020594164342735453,0.01914641270692108,1500,3
663,0.02232883370579404,0.015564608965373032,1500,3
664,0.020576263870572858,0.018101432935075434,1500,3
665,0.0217589291575059,0.01872480166396419,1500,3
666,0.022296354380176336,0.01746221497899692,1500,3
667,0.019542755914888337,0.01412989633593253,1500,3
668,0.020821470275141904,0.01638567655016832,1500,3
669,0.0202699394177605,0.014286911219373557,1500,3
670,0.018556953531844732,0.01620222110837322,1500,3
671,0.021394272484564172,0.01476665855021564,1500,3
672,0.02112307530398367,0.014813353709446253,1500,3
673,0.018730186405431004,0.014532426019877101,1500,3
674,0.02137410408686893,0.017788226504986872,1500,3
675,0.019448306804986087,0.015178571120048669,1500,3
676,0.018496672704434298,0.01407519085146009,1500,3
677,0.018386229075372552,0.016616709619176204,1500,3
678,0.019107040633108665,0.01779584182346556,1500,3
679,0.018195051912415994,0.016665600706838354,1500,3
680,0.019250614031999763,0.015821392383962473,1500,3
681,0.0200588290207606,0.015505525018651423,1500,3
682,0.01834388460273136,0.014775637223599548,1500,3
683,0.01793596468934823,0.014790983685449139,1500,3
684,0.015979727047165593,0.017680368681393194,1500,3
685,0.01711707360286538,0.013662770221942419,1500,3
686,0.01768396082856163,0.015012790103999236,1500,3
687,0.01645231574239192,0.011470925444923832,1500,3
688,0.01516936381049859,0.014224523403075279,1500,3
689,0.01593487827274775,0.014949081515624133,1500,3
690,0.01780923739903684,0.01452297146328546,1500,3
691,0.017380482095636748,0.012820838060891458,1500,3
692,0.01656397963929453,0.012953950300455472,1500,3
693,0.01521345036951568,0.012829665797518895,1500,3
694,0.01455981570812456,0.014181129518218205,1500,3
695,0.017001811883970618,0.012484444467629634,1500,3
696,0.01681743329495359,0.01119588186924461,1500,3
697,0.015812868680473526,0.010421036763173557,1500,3
698,0.01335932540774519,0.010206047198692657,1500,3
699,0.01504188796792796,0.0106769806441134,1500,3
700,0.6615991231334599,0.4148637500670738,2000,3
701,0.3835572679347378,0.23962348557668878,2000,3
702,0.24415174110541663,0.18027268738826854,2000,3
703,0.18072960740204191,0.1450547297037378,2000,3
704,0.1467189525551269,0.10563474478868938,2000,3
705,0.1170616100166314,0.101793311786641,2000,3
706,0.10163534680858723,0.07903876042779756,2000,3
707,0.09510837545803523,0.07334614611071807,2000,3
708,0.08518054751497414,0.07032774329364663,2000,3
709,0.07887061424804225,0.06298298541816584,2000,3
710,0.07450820554851666,0.06566397613950352,2000,3
711,0.06993097264930452,0.05447528869682246,2000,3
712,0.0664573509232211,0.06931679657284541,2000,3
713,0.06056870874330897,0.04839502542097309,2000,3
714,0.05829185074647077,0.05504053978322452,2000,3
715,0.05916101689505277,0.04944701961442833,2000,3
716,0.053931474389174776,0.04836815402612347,2000,3
717,0.05044962802659801,0.04529331437173641,2000,3
718,0.04904934561975549,0.04186395104789518,2000,3
719,0.04952729833574218,0.042615532295512175,2000,3
720,0.047509262144613824,0.03991196329492417,2000,3
721,0.04739902918205395,0.042772998298881246,2000,3
722,0.045028971991439425,0.038571747362881104,2000,3
723,0.044251241865406556,0.03619486719590371,2000,3
724,0.040382582962930735,0.03759922678991174,2000,3
725,0.043426681096949374,0.04444949585224724,2000,3
726,0.04317213170092156,0.03376035049333845,2000,3
727,0.038820025368349664,0.030674220692166274,2000,3
728,0.038442374334058824,0.03781898549696492,2000,3
729,0.03662150995743863,0.027189648476401963,2000,3
730,0.03527685457495657,0.03027031611559803,2000,3
731,0.03937871164656557,0.03886870630264519,2000,3
732,0.03730107909012102,0.03886875187623462,2000,3
733,0.03497021733322405,0.029705035097062397,2000,3
734,0.034101522286356295,0.02699125994901358,2000,3
735,0.03195465332118012,0.02705636854379124,2000,3
736,0.03473132793625619,0.03287506497413116,2000,3
737,0.03519876766641735,0.025815680124302853,2000,3
738,0.03285450480546049,0.02699407655086926,2000,3
739,0.029918735675354614,0.02492982401495959,2000,3
740,0.028599254156495328,0.027820929193693496,2000,3
741,0.028542144740400514,0.025349494663705608,2000,3
742,0.02958107524835682,0.025027947969949848,2000,3
743,0.028257794514975402,0.02422742025861785,2000,3
744,0.029287789476638043,0.02405266666955308,2000,3
745,0.030545743485861445,0.024526994636674397,2000,3
746,0.028647537035520188,0.0291651825378381,2000,3
747,0.0278580314340386,0.028315197084050628,2000,3
748,0.030397179982522636,0.028790102898392195,2000,3
749,0.02618213633994075,0.02187201950122243,2000,3
750,0.024146367775083184,0.018305848402140012,2000,3
751,0.024138304453287074,0.030470812756650444,2000,3
752,0.028536645492157803,0.021407090806545848,2000,3
753,0.024984307652396797,0.018254127869566684,2000,3
754,0.023744577853935456,0.017364653832145846,2000,3
755,0.020748625480815967,0.020763098708229535,2000,3
756,0.02345416067095242,0.017158857265533754,2000,3
757,0.023921117125659752,0.022659461457748165,2000,3
758,0.025033328477638426,0.018862842798170937,2000,3
759,0.022835489268965493,0.020241539376000903,2000,3
760,0.022972604654247518,0.019263319573279675,2000,3
761,0.024015715587673927,0.01729363701423177,2000,3
762,0.021083015694352152,0.016496909218832456,2000,3
763,0.021004555016300063,0.019842997503488058,2000,3
764,0.02100470139857841,0.018345770884259826,2000,3
765,0.02063357686558672,0.015778596388601344,2000,3
766,0.022461060613773707,0.019101836782357717,2000,3
767,0.02181773732132914,0.017002383418447863,2000,3
768,0.020415026570924342,0.017938380759048835,2000,3
769,0.021481218759229936,0.013321451204290333,2000,3
770,0.018681046508370998,0.020031677336952748,2000,3
771,0.024179901524351066,0.025043243706459505,2000,3
772,0.021134062112149736,0.017583434144581963,2000,3
773,0.020238734511176262,0.01415439887331129,2000,3
774,0.018573264730174312,0.015329398891695099,2000,3
775,0.017807924103940657,0.014699408309390882,2000,3
776,0.018994491170402576,0.019309680100832876,2000,3
777,0.01952756146302849,0.01631112495336596,2000,3
778,0.016503189575398522,0.014199622067709633,2000,3
779,0.01890430396917597,0.013543914228109407,2000,3
780,0.018509778734848784,0.016527931023792852,2000,3
781,0.021521311247317872,0.015728712429893005,2000,3
782,0.01744830673352192,0.013882819848509514,2000,3
783,0.0181586019244354,0.01567437564510016,2000,3
784,0.017165452790744676,0.0126765439932002,2000,3
785,0.01818239945088951,0.013527723573480656,2000,3
786,0.016852730048247756,0.015143429637792919,2000,3
787,0.01836729213405251,0.012185131006073074,2000,3
788,0.01819872505788739,0.011332352161878247,2000,3
789,0.016352262216208814,0.012791938202123326,2000,3
790,0.01605143867832869,0.01092550741919788,2000,3
791,0.013687302985964357,0.011198096036676623,2000,3
792,0.01611023514142225,0.010795206145862574,2000,3
793,0.016557678302762942,0.016162408500829475,2000,3
794,0.019477763297016306,0.012479092844946046,2000,3
795,0.01655290558110415,0.011864276104268622,2000,3
796,0.015433618376540831,0.011248306875524687,2000,3
797,0.01479833952035661,0.009982183783932884,2000,3
798,0.015355116407436163,0.010870715529602696,2000,3
799,0.013979061728731468,0.01705475604939059,2000,3
800,0.7543914641748417,0.45393420683940944,500,4
801,0.432983059247678,0.2789753890689189,500,4
802,0.2656119030689034,0.17301905140902885,500,4
803,0.19264053700856595,0.14071312240811792,500,4
804,0.1501282799952997,0.11303277320280461,500,4
805,0.12423207951155348,0.09060844412757504,500,4
806,0.10994472605491733,0.08113553949203565,500,4
807,0.10319508121804973,0.07944527161519896,500,4
808,0.09050174739448127,0.0696721686282098,500,4
809,0.08117109315111475,0.06310245686745956,500,4
810,0.07575729781025729,0.0583961260582922,500,4
811,0.07156097985819042,0.0535637011636813,500,4
812,0.07113777910430004,0.05446201154596489,500,4
813,0.06479066768982736,0.05203819119141966,500,4
814,0.06051961277699799,0.045245777984555056,500,4
815,0.057469778535454756,0.048685839152491035,500,4
816,0.05826599320336175,0.04580128878313283,500,4
817,0.05340909209704714,0.042309015049488044,500,4
818,0.052173702964359504,0.04081811544212345,500,4
819,0.054186257380449195,0.041412918018341426,500,4
820,0.05081744700372635,0.040947337325937444,500,4
821,0.04961658098690033,0.03390448392216157,500,4
822,0.049015992377402,0.03615675311235428,500,4
823,0.04785194985623818,0.03737047469083691,500,4
824,0.044307186475564427,0.036554186627222596,500,4
825,0.04566169171432309,0.03773759566363897,500,4
826,0.04504606944062164,0.03608581817631909,500,4
827,0.040843631359578254,0.036238795924500404,500,4
828,0.04651150032948361,0.03301323053140893,500,4
829,0.0411918856460388,0.0309639938393058,500,4
830,0.04052921590682149,0.041196770896535555,500,4
831,0.037550955551802136,0.030951394943205115,500,4
832,0.041594216681232435,0.02972960131512691,500,4
833,0.037625780189262825,0.029830340517956987,500,4
834,0.036777576274357404,0.027570457234855315,500,4
835,0.036707748718497996,0.031972560445548914,500,4
836,0.03734581732134916,0.03302911764503534,500,4
837,0.03491418436417866,0.02752137807436561,500,4
838,0.034184436368035837,0.031517998977323665,500,4
839,0.03377994733994362,0.031961582766169595,500,4
840,0.035783894285668014,0.027958990528767727,500,4
841,0.03369754933906145,0.03167354960065224,500,4
842,0.03132173079437529,0.028748786766162385,500,4
843,0.034953561036799294,0.024428122507750977,500,4
844,0.03414712515708714,0.02639278579776464,500,4
845,0.03313811227311467,0.024869583359788176,500,4
846,0.03163235670408788,0.03548875581129937,500,4
847,0.03121938766559571,0.027222512904477147,500,4
848,0.030344919921201027,0.025366632832923897,500,4
849,0.02921026834200804,0.024278418306295544,500,4
850,0.03309912446990568,0.02428972074785513,500,4
851,0.028149930809697788,0.021322942277645755,500,4
852,0.028664558657884923,0.021709271821619955,500,4
853,0.029104201327373,0.024271190780669305,500,4
854,0.028718328575347337,0.026354523561874735,500,4
855,0.02935451476107831,0.021671821312937052,500,4
856,0.02520848368610163,0.021759349137263424,500,4
857,0.02814957617315553,0.025817870440038537,500,4
858,0.028482236024526313,0.023656668563674207,500,4
859,0.02504487757993437,0.02350636770226025,500,4
860,0.025870079360425006,0.020684838834195453,500,4
861,0.023910429086475476,0.021542711553611496,500,4
862,0.023874043559530617,0.022790583725821656,500,4
863,0.02371525579224962,0.020920582213880885,500,4
864,0.024825443963486196,0.01673757176054184,500,4
865,0.02230774949045839,0.018258905649311867,500,4
866,0.024051577141408802,0.022108243720080956,500,4
867,0.026202139153472918,0.027292041717101374,500,4
868,0.02434317856205497,0.019449606807554823,500,4
869,0.02570223947078625,0.023173976228050275,500,4
870,0.023512417146769233,0.020052979592374343,500,4
871,0.023029264932790904,0.019570378015850792,500,4
872,0.02428620765544737,0.019398484791187807,500,4
873,0.02357016788653456,0.01730357100805525,500,4
874,0.02063892459695956,0.01698416496771169,500,4
875,0.022612527100743463,0.023027535743821215,500,4
876,0.02135522342015527,0.018014196220917787,500,4
877,0.020643468606842814,0.01930390110034462,500,4
878,0.02059426755406725,0.020646561353278567,500,4
879,0.021001634205683885,0.016786130831009966,500,4
880,0.020724546192006248,0.017471098862816073,500,4
881,0.023087893603192678,0.019188765093312896,500,4
882,0.02050858051638387,0.015147216330296337,500,4
883,0.019895027126507175,0.014828109309425082,500,4
884,0.020821871234913535,0.01675270810193883,500,4
885,0.018814183593361317,0.018463427169967742,500,4
886,0.019505711946197702,0.017267331377547,500,4
887,0.01871632492204833,0.01890550193340374,500,4
888,0.02092738996674059,0.01755765396815392,500,4
889,0.019694951856865026,0.01661878868942906,500,4
890,0.021216616252870447,0.020916870760618773,500,4
891,0.019331943392288203,0.017997645851902822,500,4
892,0.01836409319208308,0.0138638202886586,500,4
893,0.018670237913256383,0.01788978254695457,500,4
894,0.017797593268929608,0.015301044549774738,500,4
895,0.019313981015392515,0.014622216973997473,500,4
896,0.017019711578565876,0.015044323585556572,500,4
897,0.01765456213988288,0.012896689629769273,500,4
898,0.016893357717814077,0.012780706727955875,500,4
899,0.01646359872065635,0.011847953744652142,500,4
900,0.7117409059993685,0.431377601368576,1000,4
901,0.40078957337234794,0.24619731390243818,1000,4
902,0.24503622383055856,0.15944761072870858,1000,4
903,0.1868353912311367,0.13229380783373357,1000,4
904,0.150168456093939,0.10462307979090148,1000,4
905,0.12263269780795916,0.08949798525905964,1000,4
906,0.1095380126105772,0.08481306596268352,1000,4
907,0.09826624325525261,0.08381641177546403,1000,4
908,0.09193203017918027,0.06798715158604068,1000,4
909,0.08146638632089079,0.06205673512537539,1000,4
910,0.07401536147564661,0.06377882711111359,1000,4
911,0.06921465553131372,0.059825440995973124,1000,4
912,0.07136616962217936,0.05176310480296798,1000,4
913,0.06463193639098981,0.05269169846729914,1000,4
914,0.0613783737214073,0.05689423747460726,1000,4
915,0.05903988546549983,0.051635082656925374,1000,4
916,0.05984072170074402,0.046782518344539,1000,4
917,0.05604282348776014,0.04629572166812145,1000,4
918,0.052909598087511375,0.047604872905366975,1000,4
919,0.051330357310098135,0.03795300141864603,1000,4
920,0.046180032803821755,0.046328236974593096,1000,4
921,0.04981593444316518,0.04217373462142299,1000,4
922,0.04789369208764932,0.042251656692454835,1000,4
923,0.04566877960892796,0.04496774182865564,1000,4
924,0.044849417300962244,0.04207407607288964,1000,4
925,0.048080199945887185,0.03480361575236537,1000,4
926,0.04269075194653989,0.03292247457501652,1000,4
927,0.04137737736917782,0.03564737080531466,1000,4
928,0.040793131107512225,0.033477386624607496,1000,4
929,0.03971264029154228,0.030412609232899273,1000,4
930,0.03894370631305421,0.034908232980128434,1000,4
931,0.040146657260479036,0.03238341023311266,1000,4
932,0.03761882823630115,0.03211995903502887,1000,4
933,0.03911149553640996,0.032864504703416474,1000,4
934,0.03772228751631491,0.03367850736991204,1000,4
935,0.03873227163238867,0.03748715947876092,1000,4
936,0.039837067437871944,0.03626230137365505,1000,4
937,0.03739161057294275,0.03208764910328434,1000,4
938,0.03474375891049555,0.02770257555827289,1000,4
939,0.03217340557785096,0.026850474318440794,1000,4
940,0.034150491433204144,0.027372399002299066,1000,4
941,0.033680380582844865,0.026618235146409035,1000,4
942,0.032142567683112896,0.030480921007531248,1000,4
943,0.0339612048095946,0.033514644401337654,1000,4
944,0.03573760024804291,0.023251221991586555,1000,4
945,0.031702307605242896,0.024125601076698963,1000,4
946,0.03474139016995382,0.02496663613662848,1000,4
947,0.03439019200329124,0.02488988986911336,1000,4
948,0.028856211844992874,0.020003535608674163,1000,4
949,0.02874466984736943,0.023159778622193504,1000,4
950,0.029610111686867203,0.023056962008671265,1000,4
951,0.028275838740804214,0.02257707196531959,1000,4
952,0.027666218631930663,0.024134184001292226,1000,4
953,0.024836777632799657,0.025940036693704097,1000,4
954,0.029856532391295498,0.025284675395645606,1000,4
955,0.026697828126615752,0.028642050295540622,1000,4
956,0.027936437095131023,0.021471147249289762,1000,4
957,0.026174889018826388,0.020000252261201456,1000,4
958,0.02546088342609756,0.023849987988108133,1000,4
959,0.02299064130803099,0.018875880270360804,1000,4
960,0.02699802113073997,0.026222941025383025,1000,4
961,0.029691616355711034,0.021461484968830886,1000,4
962,0.02493098388253945,0.020249141691280392,1000,4
963,0.025385276392564847,0.01874260778038763,1000,4
964,0.025418912394299366,0.020641192751769667,1000,4
965,0.024200342328204172,0.01915908447283394,1000,4
966,0.02269221757318216,0.01681538308511206,1000,4
967,0.022471914095856048,0.02076632820108999,1000,4
968,0.025418333561656334,0.017363535622146983,1000,4
969,0.020968634832827543,0.01700920408418674,1000,4
970,0.025278462688426907,0.02135626316850004,1000,4
971,0.02519055467103109,0.02470370553510959,1000,4
972,0.02305674597167209,0.01915741843727101,1000,4
973,0.022746258200206516,0.01772201235431721,1000,4
974,0.02119365274366186,0.01997174140330672,1000,4
975,0.022858027137893547,0.017186995202426877,1000,4
976,0.02335253412446452,0.014185995855776774,1000,4
977,0.01929660109394726,0.01534663839534193,1000,4
978,0.02202021180555777,0.01701460941768595,1000,4
979,0.02420266264170108,0.019230412607769847,1000,4
980,0.020267486993609533,0.013430048383862497,1000,4
981,0.01998061170067041,0.015298457809786878,1000,4
982,0.019156524145015973,0.015165417556215713,1000,4
983,0.020680311647393583,0.014534585571534591,1000,4
984,0.021468762276094084,0.014119006313102318,1000,4
985,0.020193657728239188,0.01456012286618083,1000,4
986,0.01878910678376256,0.01456507520521733,1000,4
987,0.018855312559003152,0.023892281215244796,1000,4
988,0.02056537727035367,0.017442689574998203,1000,4
989,0.019301502280323547,0.015244059056484906,1000,4
990,0.019308360171493632,0.016915590840017775,1000,4
991,0.019479577769216154,0.016170626750561523,1000,4
992,0.018558577442128903,0.013134490551160885,1000,4
993,0.01869506008973154,0.015146870787974196,1000,4
994,0.020240171778016947,0.014718015988304077,1000,4
995,0.018047158985810788,0.011146582627929306,1000,4
996,0.018041950053634515,0.013606594556414418,1000,4
997,0.018049241148753687,0.012397503482459587,1000,4
998,0.018770215966043422,0.014533711906186948,1000,4
999,0.01742363295512868,0.013727498101307767,1000,4
1000,0.681496902478394,0.4402117716317489,1500,4
1001,0.38402881276268225,0.23706261129272252,1500,4
1002,0.24812529526563404,0.16936904861555782,1500,4
1003,0.1806206094473398,0.13732473818632018,1500,4
1004,0.15112069981964402,0.125843084310856,1500,4
1005,0.12998667292387944,0.09477695703598295,1500,4
1006,0.1083003449211082,0.08545206427049094,1500,4
1007,0.10322706495055745,0.07220813412888717,1500,4
1008,0.0870360262995928,0.06831961286034045,1500,4
1009,0.08291009816339696,0.06519220517284503,1500,4
1010,0.07577121447217565,0.06796171431526944,1500,4
1011,0.07675677963538466,0.06109681162026527,1500,4
1012,0.07101539083260186,0.054563888787717826,1500,4
1013,0.06577331626698622,0.05162229970480058,1500,4
1014,0.06261101313475292,0.047879433207636476,1500,4
1015,0.056739735818257364,0.047178216589118915,1500,4
1016,0.05692439169175244,0.048637839786946045,1500,4
1017,0.05576909068927394,0.04450031002353868,1500,4
1018,0.052453657354685344,0.04215590965996876,1500,4
1019,0.05174850983300739,0.03705638189337733,1500,4
1020,0.04934289376888249,0.04705571614208201,1500,4
1021,0.05045084162204364,0.04737135539338028,1500,4
1022,0.045224099275601296,0.045333532500408676,1500,4
1023,0.050002420161686024,0.03656819341047966,1500,4
1024,0.05057402602051484,0.041461579236139204,1500,4
1025,0.04744949372055461,0.03376922536627362,1500,4
1026,0.040938283132667334,0.03090820790167776,1500,4
1027,0.04344696478546181,0.03314320807282131,1500,4
1028,0.03923044808300854,0.0361911451992213,1500,4
1029,0.03963810415255033,0.033667320741636475,1500,4
1030,0.04123631527718149,0.03248284650190949,1500,4
1031,0.04106979335949401,0.03248647534582824,1500,4
1032,0.03848620741777154,0.034809028775028,1500,4
1033,0.04006765803584439,0.027268019984741702,1500,4
1034,0.03891150275948421,0.033353838465184096,1500,4
1035,0.037490715486500716,0.024800589852949813,1500,4
1036,0.034949385028250554,0.03313443508588401,1500,4
1037,0.03533541902020317,0.029565217199634425,1500,4
1038,0.036154255380543475,0.024858849564710347,1500,4
1039,0.033973738927052036,0.03308036952958694,1500,4
1040,0.035027157850747066,0.03254465864348539,1500,4
1041,0.0343103821916816,0.03138791488916601,1500,4
1042,0.033304906976923294,0.027631352065782166,1500,4
1043,0.03258557285496571,0.023741185773519705,1500,4
1044,0.03499191848016988,0.02643896920235422,1500,4
1045,0.03489814142053873,0.027812723928490962,1500,4
1046,0.03310826642098372,0.025435977700879735,1500,4
1047,0.03145332390063769,0.024847384344038864,1500,4
1048,0.02948155501025554,0.024880601323659227,1500,4
1049,0.030423385570112687,0.02265026681934426,1500,4
1050,0.028371618043006315,0.023442924504344372,1500,4
1051,0.028939186067119295,0.020221820521966583,1500,4
1052,0.02947976976617625,0.03113332468397387,1500,4
1053,0.027315534051580596,0.02916167595117817,1500,4
1054,0.027665027011183493,0.024691960305481462,1500,4
1055,0.027936672241851673,0.036611931346601796,1500,4
1056,0.02548117809517172,0.01942423961503117,1500,4
1057,0.02991065363963089,0.025715250164875643,1500,4
1058,0.030191092456924983,0.023954175266021564,1500,4
1059,0.029042533494981346,0.018305179379566022,1500,4
1060,0.02318080691294938,0.021043004288305356,1500,4
1061,0.025755816329371836,0.020312432945508635,1500,4
1062,0.02639399600741776,0.02173253856878187,1500,4
1063,0.024351809320001642,0.018680276961750154,1500,4
1064,0.02326484840489904,0.019004182682469187,1500,4
1065,0.023995997065491728,0.022211628024990587,1500,4
1066,0.025023380171255553,0.019516130076600257,1500,4
1067,0.024295545552666064,0.016181099853826476,1500,4
1068,0.021702442082586013,0.014621359651480245,1500,4
1069,0.02279508089104972,0.02221363469187708,1500,4
1070,0.024688353035264374,0.01597567816218926,1500,4
1071,0.022158818578807016,0.01995501074503715,1500,4
1072,0.0253781024200477,0.022161233446834835,1500,4
1073,0.025403296662577016,0.019726982013240378,1500,4
1074,0.021134150409599258,0.018280634228302936,1500,4
1075,0.021298095706479375,0.014828670915386356,1500,4
1076,0.023106939379123448,0.017950428080707626,1500,4
1077,0.02172276734388187,0.015114556395161748,1500,4
1078,0.020321518656275045,0.015109695893603373,1500,4
1079,0.01952940464592981,0.013883323618110833,1500,4
1080,0.021287329314257086,0.014566256278916657,1500,4
1081,0.02146767110872974,0.023183805406369416,1500,4
1082,0.022416418039966517,0.014471576653522803,1500,4
1083,0.02101069686885521,0.019431811105129992,1500,4
1084,0.021192620603212597,0.013536867282700567,1500,4
1085,0.02036273606388454,0.01393078984019019,1500,4
1086,0.018183083332457817,0.019890627246417523,1500,4
1087,0.020473048086993267,0.014273949870368076,1500,4
1088,0.019223682503296036,0.013070261033637018,1500,4
1089,0.02061722306617427,0.016248168802201007,1500,4
1090,0.020113224898672573,0.013044243716852708,1500,4
1091,0.017319353270263342,0.011806756298493551,1500,4
1092,0.017205184835292986,0.013302416601612794,1500,4
1093,0.017634788621592574,0.013502759564511893,1500,4
1094,0.019454695152101183,0.012740915869025373,1500,4
1095,0.025894867442654578,0.01607129839738063,1500,4
1096,0.020226927132490826,0.014129069723275338,1500,4
1097,0.017013267952485134,0.01171837001527231,1500,4
1098,0.016782552809167534,0.01360376640994396,1500,4
1099,0.017743210404038347,0.012461460491772677,1500,4
1100,0.6836177056680542,0.4367626523307462,2000,4
1101,0.3939188627619627,0.23588600743190283,2000,4
1102,0.24689963224696396,0.18848805742469332,2000,4
1103,0.18803408852307,0.15692820902905252,2000,4
1104,0.15096527897649187,0.11516273229644848,2000,4
1105,0.132719383581862,0.09297569004836287,2000,4
1106,0.10816031832799956,0.08159925996443806,2000,4
1107,0.1005125519864919,0.06969029532176482,2000,4
1108,0.0874812239209873,0.06999038684273176,2000,4
1109,0.07743270161323568,0.06755719803944824,2000,4
1110,0.08200249804602809,0.07047808468874749,2000,4
1111,0.06797256312132241,0.06422626914761868,2000,4
1112,0.06870289030603391,0.05530195387215097,2000,4
1113,0.06981899919119026,0.050334754071875314,2000,4
1114,0.06334750944118585,0.048436311200499335,2000,4
1115,0.0621798625109658,0.05291982059732278,2000,4
1116,0.056187345677928734,0.04227331643342075,2000,4
1117,0.055295027653640215,0.045350935784666535,2000,4
1118,0.05016647346666953,0.04189999048765914,2000,4
1119,0.052501910126927384,0.03985338590444411,2000,4
1120,0.05582109604516812,0.0586215777878523,2000,4
1121,0.051731651634135546,0.03725722629113503,2000,4
1122,0.04747502981181035,0.039610555718536465,2000,4
1123,0.04352821729726742,0.03419084188751271,2000,4
1124,0.04586042559202003,0.049286796068796115,2000,4
1125,0.049125506759219006,0.04009648782955069,2000,4
1126,0.04551746866012893,0.03939339315142433,2000,4
1127,0.04242304533017053,0.032657017718123446,2000,4
1128,0.041308017358549616,0.036008368775178136,2000,4
1129,0.04378079400223105,0.028638719304858333,2000,4
1130,0.03797822467763467,0.04149216117397458,2000,4
1131,0.04254319336425897,0.03293433754666784,2000,4
1132,0.03746661563318538,0.030018497024195585,2000,4
1133,0.0372873034544741,0.026837953697369098,2000,4
1134,0.034635534665688916,0.026090406710484244,2000,4
1135,0.03753212374198864,0.029494843931338745,2000,4
1136,0.036649169760467164,0.03126396551607986,2000,4
1137,0.0372556360049391,0.027072569784900045,2000,4
1138,0.036934090265561915,0.03025338159679428,2000,4
1139,0.04038029052209659,0.025375088165334708,2000,4
1140,0.032499988780855985,0.030200596219086998,2000,4
1141,0.03489207448804316,0.02631746386944858,2000,4
1142,0.03419427153836014,0.026830204347594897,2000,4
1143,0.03472564693591885,0.024693774842763746,2000,4
1144,0.03442707429813489,0.024974753180428733,2000,4
1145,0.03378459236893266,0.02121618963956507,2000,4
1146,0.03058057119591593,0.025204673199990923,2000,4
1147,0.030207137044583218,0.0240698785955902,2000,4
1148,0.031206442415095695,0.025861688816532384,2000,4
1149,0.0326247891003495,0.02438814240885432,2000,4
1150,0.027428264854594712,0.021389519782001293,2000,4
1151,0.028424970654030664,0.023536963375455258,2000,4
1152,0.0274845857492941,0.02198326633570339,2000,4
1153,0.029396234136515417,0.021751576438605136,2000,4
1154,0.027521057970858995,0.020130178039178895,2000,4
1155,0.027740079840331663,0.022468735172264553,2000,4
1156,0.02740528168778805,0.02121925719419401,2000,4
1157,0.030905616278033104,0.02485458308911566,2000,4
1158,0.024706713827401215,0.01758587223472779,2000,4
1159,0.02365028369636718,0.022313591438482102,2000,4
1160,0.02553822439659293,0.019888005169870823,2000,4
1161,0.02542942473505952,0.02175488277503856,2000,4
1162,0.028414428773790464,0.021312621207938875,2000,4
1163,0.02559139388094872,0.019108669778255545,2000,4
1164,0.024853101284677874,0.019137153668840744,2000,4
1165,0.02204041727664769,0.018967313304617005,2000,4
1166,0.02719517198908753,0.02435251420477966,2000,4
1167,0.02421615705085006,0.016099560699353435,2000,4
1168,0.02151842694847427,0.016319157289690373,2000,4
1169,0.02321927453058967,0.01751156409246171,2000,4
1170,0.022464407614309203,0.017765444269734865,2000,4
1171,0.023422094890804226,0.019925930011713874,2000,4
1172,0.020843361112588252,0.018716227633575062,2000,4
1173,0.022536970103817108,0.018866704612701138,2000,4
1174,0.023504388449626337,0.016163113280183054,2000,4
1175,0.021411785239620704,0.016659705376848077,2000,4
1176,0.02302216440886988,0.019348283755451043,2000,4
1177,0.02317056919858993,0.02179452711587698,2000,4
1178,0.020204574130407316,0.014943730603432627,2000,4
1179,0.020306971127483493,0.019780203569375772,2000,4
1180,0.02164091008148673,0.015715394341276674,2000,4
1181,0.02130691111853662,0.014179581830484773,2000,4
1182,0.02118219226642622,0.015281311642555565,2000,4
1183,0.020141475325840708,0.013798095572165915,2000,4
1184,0.019291425834693367,0.01224875587037997,2000,4
1185,0.019638318277587278,0.014280224502038887,2000,4
1186,0.018200261420559555,0.015999653448014295,2000,4
1187,0.020035292241203952,0.01943508465234237,2000,4
1188,0.020926860286097453,0.018337272992079084,2000,4
1189,0.022614441672813713,0.013141531619532016,2000,4
1190,0.018945757459346492,0.012725496912454323,2000,4
1191,0.021139458502130684,0.016018807352124024,2000,4
1192,0.018309653775471352,0.011236775242760583,2000,4
1193,0.017404166910009955,0.011645445340253979,2000,4
1194,0.019734558758378686,0.017482564264310906,2000,4
1195,0.018836107116880243,0.010833612792404789,2000,4
1196,0.017290268807316215,0.011080738807102643,2000,4
1197,0.01574941365288697,0.013564299009328573,2000,4
1198,0.019321766420926135,0.011403326171242583,2000,4
1199,0.015721970212643547,0.010860942345477534,2000,4
