,SMILES,T,Vapor_Presssure
0,C=O,225.28743,10.075039687993051
1,CCOC(=O)N,389.84204,9.084627304926904
2,CN1CCC[C@H]1C2=CN=CC=C2,415.46606,8.58305894552808
3,C(C(CO)O)O,437.7137,7.064858118645674
4,CN(C)N,261.9606,7.920881129506338
5,CC(CO)O,415.84204,9.939449044817081
6,C1COC1=O,372.35687,9.536818841921072
7,C1COCCN1N=O,314.82214,3.3539711139962236
8,C1=CC=C(C=C1)CCO,443.46567,10.14935842070202
9,CCOCC,272.69345,10.092196628471369
10,CC(=O)N,429.35687,9.426954640902586
11,CCO,416.367,13.616560100287476
12,C(=O)O,330.27768,10.04283919195731
13,CC(=O)O,358.42627,10.425876096605654
14,C1=CC=C(C=C1)C(=O)O,200.1201,-19.24221531640048
15,CCCCCC=O,357.02026,10.0741126731327
16,CO,290.88144,9.34879595683021
17,CON,258.35687,8.43990171351631
18,CC(C)O,321.07956,9.978419580941006
19,CC(=O)C,291.48557,10.040001919622386
20,CN(C)C=O,329.13885,8.067569441439032
21,CCCO,322.1884,9.355892172553244
22,CCCCO,340.4953,9.372951550129926
23,CCCCCO,357.80225,9.378710864298359
24,C1=CC=CC=C1,320.95087,10.412144821268178
25,C,103.32683,10.782721374561111
26,CC,161.31708,10.066602121897057
27,C=C,150.75273,10.272355569512632
28,C#C,195.35648,11.910196126935194
29,CN,240.03003,10.158474656639676
30,C#N,277.99023,10.68318830724455
31,CCC,257.58423,12.560380927962427
32,CC#C,221.41614,10.06548269443063
33,CCN,258.33698,10.054188841644615
34,CC#N,312.2379,9.992737030719283
35,CC=O,259.95087,10.07660103780402
36,C(=O)N,423.67355,9.416936937564302
37,C1CO1,249.5745,9.96854743508077
38,CC(C)C,227.20827,9.977988392292193
39,CC(C)N,226.06943,7.1949560866545355
40,CN(C)C,229.15874,9.30657036948815
41,CC1CO1,246.04991,8.62545336788351
42,CC(C)(C)N,316.39624,11.49881432619403
43,CC(C)(C)O,322.64392,10.044445952691325
44,CC(C)(C)CO,364.80225,10.70371474734013
45,CCC(C)(C)O,341.25778,10.13027985530738
46,CC(C)(C)OO,323.09946,8.498989312537024
47,CC(=O)C(C)(C)C,335.27768,9.993699288116481
48,CC(C)(C(C)(C)O)O,390.0004,9.474372515044113
49,CC(=O)O[C@H]1[C@]2(CC[C@H](C2)C1(C)C)C,396.67395,8.573010361462849
50,CCC(CC)(C(=O)OCC)C(=O)OCC,431.74298,9.547721343806833
51,CCC(C)(CC)O,355.22815,10.150369581555264
52,CC(C)(OC)OC,320.31708,10.425833729240304
53,CCC(CO)(CO)CO,491.8124,9.146045200947013
54,CC1=CC(=O)CC(C1)(C)C,377.95123,8.158433158505554
55,CCC(C)(CCCC(C)C)O,398.89157,8.932781098532551
56,CCC(C)C,284.62402,10.923372904500097
57,CC(C)CN,269.812,8.354363564559465
58,CC(C)CO,345.69345,10.059567860941595
59,CC(C)C=O,312.5745,12.658049433209438
60,CCC(C)O,337.25778,10.030624596445042
61,CCC(=O)C,314.22815,10.116370782948131
62,CC(CN)O,360.45593,8.705343277298613
63,CCC(=O)N,431.97073,9.52101852340481
64,CCC(=O)O,401.31708,11.106538592847777
65,C=CC(=O)O,350.09946,9.115497956928042
66,CC(=O)NC,407.89157,9.159122884702024
67,CC(=O)OC,299.64392,10.335037426383009
68,CC(=O)OO,320.9212,8.829850566914587
69,CC(C)C(C)C,294.95087,10.222530360264575
70,CC(C)C(=O)O,388.43604,10.160123731917457
71,CC(=C)C(=O)O,383.25778,9.652903634188716
72,CC1(C2CCC(C2)C1=C)C,371.35687,9.507665568309948
73,C/C=C(\C)/C(=O)O,417.0004,9.66910570349764
74,CN1CCN(C1=O)C,415.4758,9.172220368987489
75,C1CC2=CC=CC3=C2C1=CC=C3,387.03976,6.339951698909056
76,CC1=CNC2=CC=CC=C12,442.93134,8.490849168215341
77,C1=CC=C2C(=C1)C(=O)OC2=O,471.0897,9.304581001793766
78,CC(C)CCOC(=O)C1=CC=CC=C1O,304.86154,0.2551643593645707
79,CCOC(=O)C1=CC=CC=C1N,502.70358,10.566358269887822
80,CCCC(C)C1=CC=CC=C1O,442.3073,9.43027543098527
81,C1C2=CC=CC=C2C(=O)O1,452.95123,8.541220433684225
82,CC1=C(C(=CC=C1)C)N,392.80264,8.560715245206348
83,CCOC(=O)C(C(C(=O)OCC)O)O,451.41653,8.452752800592755
84,CC1=CC(=C(C(=C1)C)N)C,400.24805,8.044317665700664
85,CCC(CC)C(=O)O,414.5152,9.690727570918051
86,CC(C)(C)C1=CC=CC=C1O,401.6244,8.594109017708139
87,CC1=CC(=C(C=C1)C(C)(C)C)O,438.555,9.305248718452296
88,CCC(C)C1=CC=CC=C1O,478.5745,10.960891823287565
89,CC1=CC(=C(C=C1)C(C)C)O,415.23828,8.709997329396746
90,CCC1=CC=CC=C1O,453.1884,10.863309053620958
91,C1=CC=C(C(=C1)C=O)O,377.44617,8.54141933171225
92,COC1=CC=CC=C1N,402.83228,8.484212743479912
93,COC1=CC=CC=C1O,412.4064,9.526136960530014
94,CC1=CC=CC2=CC=CC=C12,460.13922,10.080990310031705
95,C1=CC=C2C(=C1)C=CC=C2O,475.86194,9.407186433792967
96,C1=CC=C(C=C1)C2=CC=CC=C2O,484.22815,9.639771546529317
97,CC1=C(C=CC=C1N=C=O)N=C=O,417.0004,8.282102586024003
98,C1=CC=C2C=CC=CC2=C1,502.95123,11.78553841541395
99,C1=CC=C2C(=C1)C=CC=N2,598.72345,13.173481760651823
100,CC1=CC2=CC=CC=C2C=C1,456.70358,10.074479252571509
101,C1=CC=C2C=C(C=CC2=C1)N,471.20865,8.66690771004551
102,CC1=CC2=C(C=C1)N=CC=C2,491.33698,10.389082307515997
103,CC1=NC2=CC=CC=C2C=C1,477.41614,10.4178507808013
104,C1=CC=C2C(=C1)C=CC(=O)O2,459.59476,8.49248410259964
105,CCN(CC)C1=CC=CC=C1,394.7531,8.507806953425138
106,CCN(CC)C1=CC(=CC=C1)O,484.58463,9.548917906278637
107,COC1=C(C=C(C=C1)CC=C)OC,429.01053,8.447786926989277
108,CC(=O)OC1=C(C=C(C=C1)CC=C)OC,452.85217,8.468621899334101
109,CC1=CC(=C(C=C1)O)OC,420.04016,9.308100576866709
110,CCC(=O)C1=CC=CC=C1,442.9013,10.235011153213202
111,COC(=O)C1=CC=CC=C1,393.555,9.111330325874018
112,CCOC(=O)C1=CC=CC=C1,385.82214,8.335708285897727
113,CCOC1=CC=CC=C1N,410.13922,8.465058267743526
114,C1C=CC2=CC=CC=C21,366.70358,8.701871938064857
115,CC1=CC=CC=C1C,370.50546,10.127683387936548
116,CC1=CC=CC=C1O,415.6837,10.063265026132887
117,CC1=CC=CC=C1N,427.15872,10.211525869089284
118,CC1=CC(=C(C=C1)C)C,393.11932,10.085865627332685
119,CC1=C(C=C(C=C1)O)C,449.42627,10.066480358577884
120,CC1=CC(=C(C=C1)N)C,394.83228,8.509140803475358
121,CC1=C(C=C(C=C1)N)N,487.04056,9.562920222819203
122,CC1=CC(=C(C=C1)C)O,434.555,10.088207700819085
123,CCOC(=O)C(=O)OCC,367.961,8.338588876590748
124,CC1=CC(=C(C=C1C)C)C,418.16885,10.083588840796082
125,CCC(C)CC,299.87167,10.211166903085106
126,CCC(=O)CC,332.97073,10.059925684581842
127,COC(=O)C=C,283.02026,8.597701622972147
128,COC(=O)CO,344.86194,8.541890161310679
129,CC1CCCC1,306.4064,10.16079076710054
130,C1CCC(C1)O,405.26755,11.25159195377439
131,CC1CCCO1,430.2878,13.437378187582896
132,C1COC(=O)O1,403.28745,7.812208001538366
133,CN1C=CC=C1,365.56473,10.882145731235296
134,CCC1=CC(=C(C=C1)O)C(C)(C)C,449.3272,9.394697487328541
135,CCOC(=O)C(=C)C,330.74298,9.39668234155204
136,CC(C)COC(=O)C(C)C,339.73322,8.565849812535262
137,CCCCOC(=O)C(=C)C,381.1291,9.78657730875243
138,CCC(CC)CO,379.09946,10.102345834632294
139,C1CC(OC1)CO,385.27768,9.408115521946856
140,C1=COC(=C1)CO,364.555,8.39632514417097
141,C1=COC(=C1)C=O,396.05966,10.348500761212497
142,CC(C)(C)C1=CC=CC=C1,392.99063,10.108369435949244
143,CC1=C(C=CC(=C1)C(C)(C)C)O,422.367,8.516218538008738
144,CC1=CC=C(C=C1)C(C)(C)C,395.58463,9.487469758913816
145,CC(C)C1=CC=CC=C1,377.8124,10.100416709411373
146,CC(C)C1=CC=CC=C1,357.29758,8.843023954621126
147,CC(C1=CC=CC=C1)O,435.3666,10.295221158968989
148,CC(=O)C1=CC=CC=C1,382.31747,8.592717968074966
149,CC1=CC(=CC=C1)C(=O)OC,384.26755,7.998210145445501
150,CC1=CCC(CC1=O)C(=C)C,404.4957,8.522156287686867
151,CC(C)C1=CC(=CC=C1)C(C)C,380.18875,8.554679969935691
152,CCC(C)C1=CC=C(C=C1)O,418.4957,8.500159080911628
153,CC1CCC(CC1)C(C)C,352.44617,8.615088470607708
154,CC1=CCC(C=C1)C(C)C,372.9411,9.087090327278188
155,CC(C)C1=CC=C(C=C1)N,406.18875,8.531595400703415
156,CC(C)C1=CC=C(C=C1)O,441.5351,9.780702408977364
157,CC1=CC=C(C=C1)N(C)C,392.70358,8.719763042778238
158,CC(C)C1=CC=C(C=C1)C(C)C,417.4064,9.683686397337105
159,C=CC1CCC=CC1,358.1884,10.174749129502818
160,CCC1=CC=CC=C1,355.6638,9.823562496560843
161,C=CC1=CC=CC=C1,342.9411,8.975946426206361
162,C1=CC=C(C=C1)C#N,372.01053,8.549780591718225
163,C1=CC=C(C=C1)CO,448.87167,10.678197465785406
164,C1=CC=C(C=C1)C=O,415.9212,10.527447310615887
165,CNC1=CC=CC=C1,378.26794,8.53353168464445
166,C1=CC=C(C=C1)NN,419.4957,8.500903540773153
167,COC1=CC=CC=C1,393.54486,10.542797250368482
168,CCC1=CC=CC=N1,367.1291,9.784396559228554
169,C1CCN(CC1)N=O,366.66418,7.237171558658266
170,CC1=CC(=CC=C1)C=C,369.76285,9.178281642464055
171,C1=CC=C(C=C1)OC2=CC=CC=C2,506.1884,10.947883160641132
172,CCOC(=O)CC1=CC=CC=C1,428.72308,9.414801954517506
173,CC(C)COC(=O)CC1=CC=CC=C1,339.3865,4.244458644645981
174,CCCN(CCC)CCC,399.37674,10.616127984135803
175,C(CO)N(CCO)CCO,509.67395,8.473607310889161
176,CCCCN(CCCC)CCCC,402.2184,9.04975511890679
177,CC(CNC1CCCCC1)O,417.7531,8.632870322709298
178,CCCCC(CC)COC(=O)C,335.52533,7.0763736185337685
179,CCCCC(CC)COC(=O)C=C,395.31747,8.537060154813975
180,COC(=O)/C=C/C1=CC=CC=C1,431.0304,8.568500863678835
181,CCCCC(CC)COC=C,361.39664,8.505466865343505
182,CC(=O)OCCC1=CC=CC=C1,458.5944,10.286325539506253
183,CCCC1=CC=CC=C1,381.0698,10.000860145597272
184,CCNC1=CC=CC=C1,383.8818,8.504049320623016
185,C1=CC=C(C=C1)N=C=O,358.367,8.888477238599355
186,CCOC1=CC=CC=C1,417.88144,10.821819597111153
187,C1=CC=C(C=C1)CC(=O)O,443.6244,8.456420379519912
188,CC(=O)NC1=CC=CC=C1,518.3073,10.03215697829341
189,CCCCC1=CC=CC=C1,405.29758,10.078972068820278
190,C1=CC=C(C=C1)/C=C/CO,422.54523,8.510730796318606
191,C1=CC=C(C=C1)/C=C/C=O,423.06006,8.471010861635596
192,C1=CC=C(C=C1)COC=O,323.7032,5.395632250523775
193,CCCCC(CC)CO,417.04993,10.345308498895799
194,CCN(CC)CCCN,377.6638,9.421507899088288
195,CC1=CC=C(C=C1)CN,402.22815,9.41534406991598
196,CC1=CC=C(C=C1)C#N,391.67395,8.56055773174355
197,CCC1=CC=C(C=C1)CC,406.29758,10.094311376791447
198,COC1=CC=C(C=C1)CO,397.1291,6.7406578868562725
199,CCCC(C)CO,379.22815,9.99337644192604
200,COC(=O)CC#N,466.9017,11.212783296924826
201,CCC(=O)OCC,331.6638,10.085629860869908
202,CCC(=O)OC=C,371.71295,11.652195102705361
203,CCOC(=O)NC,361.73322,8.476467829382559
204,CCC(C)CC(=O)C,371.72308,10.161754105970997
205,CCOC(=O)CC(=O)OCC,382.26794,8.440698917259276
206,CCCC(=O)OCC,341.86194,9.790351281364712
207,CCOC(=O)CC#N,400.555,8.285530117900212
208,CCOC(C)OCC,304.89157,8.57540925416909
209,CCOC(=O)OCC,348.07956,9.768721996316254
210,C1CCC(=O)NCC1,434.87207,8.384138217170145
211,CCCC(=O)OCCC,334.16885,8.56862837800119
212,CC1=CC(=C(C=C1)O)C,431.16885,9.972914513419823
213,CCCCOC(=O)CC(C(=O)OCCCC)O,473.99063,9.561840964718005
214,CC(C)CCCC(C)CCO,413.19852,8.983840576230726
215,CC(CCC=C(C)C)CCO,423.9411,9.169958827142564
216,CC(=CCC/C(=C/CO)/C)C,412.13922,8.47840508271739
217,CCCC(=O)OCCC(C)C,373.72348,9.023721806462216
218,CCCC(=O)OC(=O)CCC,402.71332,9.4305876539512
219,CCCCCCCC(=O)OCC,366.5944,7.503973179199523
220,CCCCC(=O)CC,375.78238,10.123661800588215
221,CCCOC(=O)CC,351.71332,10.0470763323654
222,CC1=CC=C(C=C1)C,365.0698,10.097214761677954
223,CC1=CC=C(C=C1)O,424.555,9.982200771773869
224,CC1=CC=C(C=C1)N,385.39664,8.64851120794454
225,C1=CC(=O)C=CC1=O,418.05966,10.383038808233135
226,CN1CCN(CC1)C,295.60413,7.234905732023595
227,CC(C)COC(=O)C=C,352.80225,9.578675162776777
228,CCC(CC(C)C)CO,389.61426,9.410730019356087
229,CCCCCC(=O)OC,361.48557,9.419190865558623
230,CCCCCCC(=O)OC,353.57486,8.24768257416834
231,CCC1CO1,327.1092,11.203485551073102
232,C=CCOC[C@H]1CO1,365.82214,9.49794217244841
233,CCCC,240.43604,10.11232431824201
234,CCC=C,234.95085,10.08858719849249
235,C=CC=C,208.61389,8.382516822478976
236,CCC#C,249.20827,10.078554852649813
237,C=CC=O,259.4064,8.598852770223797
238,CCCN,284.3865,10.01152088348681
239,C=CCN,296.52496,10.310138297945466
240,C=CC#N,313.4953,10.260606758306533
241,C(CN)N,342.9411,9.775295786792041
242,C=CCO,333.2379,9.978289060604919
243,C(CO)O,424.58463,9.948159463654907
244,C/C=N/O,331.56473,9.101707879254674
245,COC=O,270.95087,10.057693852191331
246,CC(=C)CC(C)(C)C,330.58463,10.08449389971053
247,CC(=CC(C)(C)C)C,335.149,10.106882312054527
248,CC(CC(C)(C)O)O,375.773,7.669133017668374
249,CC(=O)CC(C)(C)OC,377.85178,9.787329497680696
250,CCCC(C)C,292.69345,10.018952663001048
251,CCCC(=O)C,334.71332,10.124211494368655
252,CCCC(=O)O,423.4953,11.101687349033517
253,C/C=C/C(=O)O,404.0004,9.628145605111593
254,CC(COC)O,356.26755,10.217024202438239
255,CN(C)CCO,360.03003,9.924814599822925
256,CC(C)CC(C)C,308.17862,9.91735049262028
257,CC(C)CC(=O)C,346.58463,10.117429572871211
258,CC(C)CC(C)O,363.7925,10.035873520543097
259,CC(C)NC(C)C,323.9606,10.405454130223346
260,CC(C)OC(C)C,318.72308,10.734814213893975
261,CC(C)OC(=O)C,333.64392,10.544884128696543
262,CC(=O)OC(=O)C,499.85178,13.551536859246685
263,C1CC(=O)OC1=O,458.9411,9.377861103366113
264,CC1COC(=O)O1,426.961,9.010143576366888
265,CC1=CC(=CC=C1)C,366.0698,10.103830637427572
266,CC1=CC(=CC=C1)O,423.99063,9.961863667461838
267,CC1=CC(=CC=C1)N,430.15872,10.218562602275114
268,C1=CC(=CC(=C1)N)N,453.0304,8.493354901487471
269,CC1=CC(=NC=C1)C,384.46567,10.10133627460929
270,CC1=NC(=CC=C1)C,380.75272,10.41719254516431
271,C1CC(=O)OC(=O)C1,455.0304,8.465525863552061
272,C=CC1=CC(=CC=C1)C=C,428.1291,10.207327691219602
273,COC(=O)CC(=O)OC,514.46606,13.120034877859272
274,CCOC(=O)CC(C)C,332.78275,8.788799164209934
275,CC1=CC(=CC(=C1)C)C,389.24805,10.076618083325963
276,CC1=CC(=CC(=C1)O)C,444.99063,10.074446008688712
277,CC1=CC(=NC(=C1)C)C,333.5944,7.413985033054981
278,CC(C)CC(CC(C)C)O,371.65405,8.659335957225206
279,CC(C)CC(=O)CC(C)C,395.28745,10.16650925832774
280,CC1CCCCC1,329.71332,10.076253120826996
281,CC1=CC=CC=C1,340.02026,10.094186909016258
282,CC1=CC=NC=C1,396.7925,10.904068144306567
283,C1CCC(CC1)N,349.3073,9.645406688489397
284,C1CCC(CC1)O,368.5351,9.051341492631362
285,C1CCC(=O)CC1,367.70358,9.640130479988406
286,C1=CC=C(C=C1)O,330.68332,6.153506761362451
287,CC1=CN=CC=C1,395.35687,10.895213891422367
288,CC1CCCCN1,370.61426,10.903683730879163
289,CC1=CC=CC=N1,356.78275,10.0462748026236
290,CC1=NC=CN=C1,459.149,12.763274313842562
291,CC(=O)CCC=C,497.35687,13.693675861164502
292,CCCCC(=O)O,412.5152,9.928901042530661
293,CC(C)COC=C,314.80225,10.051903296115727
294,CC(C)OCCO,372.2379,10.08052967347009
295,CCCOC(=O)C,337.48557,10.228526596975765
296,CCCCC,266.48557,9.79182863729175
297,CCCC=C,263.82214,9.926262712197163
298,CCCCN,319.65366,10.401828075952794
299,CCCC#N,346.25778,10.062184784598815
300,C=CCC#N,314.11932,10.6413835575803
301,C(CN)CN,361.71295,9.737139819317262
302,CNCCO,376.13885,9.377720894059191
303,COCCO,358.62402,10.152945281738695
304,CCNCC,269.26755,8.953739321634238
305,C=COC=C,283.4953,10.811076513881773
306,CCOC=O,291.56473,10.089433677672327
307,CCON=O,240.90132,9.148601403248392
308,C1=CNC=C1,382.56473,10.879831429919784
309,C1CCOC1,300.48557,10.082994802509804
310,C1=COC=C1,301.7032,11.423486024425433
311,CC(C)(C)OOC(C)(C)C,272.75272,7.115746158552291
312,CC(C)CCC(=O)C,372.19852,10.08607919384988
313,CC(=O)CCC(=O)C,391.961,9.257576733628524
314,CC(C)COC(=O)C,327.2379,9.240825065958422
315,CCCCCCCCCC(=O)OCC,397.33698,7.490321175490546
316,CCCCCCCCCC(=O)OC,415.28745,8.75985804896482
317,CCCCCC(=O)C,377.63416,10.076699314900315
318,CC(=O)OCCOC,375.2379,10.123822888042357
319,CCCCCC,297.04993,9.86484085024834
320,CCCCCN,335.5351,10.058182756276254
321,CCCCC#N,355.4758,9.615391039540949
322,CCCCC=O,333.97073,10.068939997783076
323,C(C#CCO)O,423.42627,7.733891637766771
324,COCCOC,406.04993,12.867850641265544
325,CCCOC=O,315.48557,10.104627862825323
326,CCOCCO,331.37674,8.499216439162138
327,C1CCCCC1,323.82214,10.523326960511138
328,C1CCC=CC1,337.3467,10.926509960001784
329,C1=CC=NC=C1,371.43604,9.750920844668382
330,C1CC=COC1,310.03003,9.838967040073644
331,C1OCOCO1,354.26755,10.38606113856783
332,C1CCNCC1,359.43604,10.90115452979467
333,C1COCCN1,370.39624,10.529488576415435
334,CC(C)CNCC(C)C,330.73322,8.568779383283028
335,CC(CNCC(C)O)O,447.0698,9.037604508937417
336,CCCCCCCC(=O)OC,393.03976,9.192940043460425
337,CCCCCCC(=O)C,398.63416,10.048603590145374
338,CCCCCCC(=O)O,449.19852,10.038274005247077
339,CCOCCOC(=O)C,362.27768,9.306589394359268
340,CCCCCCN,360.149,10.06703020138814
341,CCCCCCO,374.85178,9.414075973514192
342,CCCCOC=C,311.69345,9.472801045351147
343,CCCCN=C=O,363.60413,10.745651471059624
344,C(CNCCN)N,401.93097,9.167882012019504
345,C(CO)NCCO,487.47543,9.8420260698353
346,CCCOCCC,334.25778,10.55901807704592
347,C(COCCO)O,458.04993,9.63824033653961
348,CC(=O)OCCOC(=O)C,377.65405,8.514793997895215
349,CCCCCCCC,352.45593,10.031219709684647
350,CCCCCCC=C,346.3272,9.95693406131962
351,CCCCCCCN,382.50546,10.070749887250203
352,C(CCC#N)CC#N,388.07956,5.646816101057738
353,CCCCCCCO,390.4953,9.403605940722063
354,CCCCCCC=O,379.63416,10.089989713467123
355,CCCCOCCO,349.8818,7.970785804210003
356,COCCOCCO,403.35687,9.47280794538494
357,C1/C=C\CC/C=C\C1,351.01013,9.11755748657833
358,COC(=O)CCCCCCCCC=C,444.555,9.259061096409848
359,CCCCCCCCC,373.37674,9.961776584173391
360,CCCCCCCCN,370.73322,8.830156748227433
361,CCCCCCCCO,404.28745,9.177410629056041
362,CCOCCOCCO,386.39664,8.464289369160564
363,CCCCNCCCC,349.60452,8.585430842845698
364,COCCOCCOC,406.47543,10.718874916834038
365,CCCCCCCCC(=O)O,479.11932,10.058700458870248
366,CCCCCCCOC(=O)C,413.09946,9.987806111038825
367,CCCCOCCOC(=O)C,367.4957,8.12247969290444
368,CCCCCCCCCC(=O)C,451.2184,10.031966410912668
369,CCCCCCCCOC(=O)C,370.15872,7.490768476692828
370,CC(=O)OCCOCCOC,378.82254,7.845559817684952
371,CCCCCCCCCCOC(=O)C,473.1291,10.253393176402742
372,C(CNCCNCCN)N,458.01013,9.009611131961309
373,CCCCCCOCCO,415.5351,9.412766862212301
374,C(COCCOCCO)O,500.56473,9.884319352060482
375,CCCCCCCCCC=O,392.83228,8.476731880067355
376,CCCCOCCOCCO,413.13922,8.7191765134079
377,CCCCCCCCCCCC,433.65405,9.980347950430856
378,CCCCCCCCCCC=C,427.29758,9.866124483265123
379,CCCCCCCCCCCO,314.78238,0.9852718691226094
380,CCCCCCCCCCC=O,307.60413,2.8547974709077444
381,CCCCOCCOCCCC,372.72348,8.03630157937163
382,CCCCCCCCCCCCO,428.41653,8.479906222911282
383,CCCCCCOCCCCCC,382.74335,7.6301712253230995
384,CCCCCCOCCOCCO,461.89157,9.411420579350716
385,CC=C,195.67355,9.93344551598569
386,COC,219.28743,10.06007889986818
387,CC(=C)C,234.95085,10.130996046017342
388,CC(C)(C=C)O,325.15872,9.709080002628207
389,CC(C)(C#C)O,331.46567,9.63474137470148
390,CC(=O)C(C)(C)O,361.43604,9.738020937634897
391,CC(=CCCC(C)(C=C)OC(=O)C)C,399.8818,8.547172683362678
392,CC1CC(CC(C1)(C)C)O,399.63416,9.165892505463
393,CC(=C)OC,293.63376,10.958773532432192
394,CCC(C)C(=O)O,397.0004,9.685315956339227
395,CCOC(=O)C1=CC=CC=C1O,408.06006,8.514440614869311
396,COC(=O)C1=CC=CC=C1O,400.6244,8.627476874739694
397,C1=CC=C2C=NC=CC2=C1,491.50546,10.94447330950159
398,CC(C)COC(=O)C1=CC=CC=C1,412.367,8.499806406514347
399,COC(=O)C1=CC=C(C=C1)C(=O)OC,460.9212,8.873382894115347
400,C1=CC=C(C(=C1)O)O,438.42627,9.11758981721758
401,C1CCC(=O)C1,351.85178,9.827477856859124
402,CN1CCCC1,291.29718,9.194637648542589
403,CC(C)(C)C1=C(C=CC(=C1)OC)O,429.13885,7.8560508531134285
404,CCN(CC)CC,329.52496,10.468032374518913
405,C1C2C=CC1C=C2,322.65366,10.135430795642463
406,CN(C)C1=CC=CC=C1,535.952,13.020562695523111
407,COC1=CC=C(C=C1)C(=O)OC,420.20825,8.045518211083737
408,CC1=CC=C(C=C1)C(=O)C,307.60413,3.6440568121452195
409,CC(C)C1=CC=C(C=C1)C=O,406.80264,8.524565295884818
410,C1=CC=C(C=C1)NC2=CC=CC=C2,465.95123,8.524403646564277
411,CCOC(OCC)OCC,339.42627,8.531557176988137
412,CC(=O)/C=C/C1=CC=CC=C1,432.98087,8.51841650487229
413,CCC(=O)OCC1=CC=CC=C1,332.85178,4.645830727670223
414,CC(=O)OC1=CC=CC=C1,379.83228,8.530753156447242
415,C1=CC=C(C=C1)CCCO,417.70358,8.478111732128173
416,C1=CC=C(C=C1)NCCO,453.67395,8.469927507353992
417,C1=CC=C(C=C1)OCCO,423.7531,8.50507393786692
418,CCC1=CC=C(C=C1)O,469.8319,10.952657832673765
419,C1=CC(=CC=C1C=O)O,476.33734,8.493343646106663
420,COC1=CC=C(C=C1)C=O,423.23828,8.565804450749507
421,CCCC(=O)CCC,348.71332,8.433584564178762
422,CCCC(=O)OC=C,170.46683,-4.008247091834722
423,CCOC(=O)CCC(=O)OCC,414.0698,9.16889722599936
424,C1=CC(=CC=C1O)O,487.76285,9.392623555459272
425,C=CCOCC(CO)O,349.13885,4.306179558370349
426,CC(=CCCC(=C)C=C)C,355.39664,8.55364679713177
427,CCC=O,285.0004,10.084223014654638
428,CNC=O,413.87167,9.697780200362043
429,CC(=O)CC(C)(C)O,358.60452,8.525334769072181
430,CC(C)CC(C)(C)CO,392.22815,9.886807301877377
431,CC(C)CCO,366.87167,10.088706531962087
432,CCCCCC(=O)OCC,360.99063,8.831215452902512
433,CCCC=O,308.9212,10.088254056175682
434,C1CCNC1,348.72308,11.163011624176669
435,CCCCOC(=O)C,337.5944,9.358446643800582
436,C1COCCO1,494.961,14.197008880464498
437,CC(C)CCOC(=O)C,334.86194,8.624154416967306
438,CCCCCC(=O)O,509.98087,8.466957808177257
439,CCCCCCCC(=O)O,459.25778,2.8904501285624207
440,C(CCCN)CCN,468.06006,11.407823421148972
441,CCCCCCCC=C,366.89157,9.861462126220372
442,CCCCCCCC#N,420.17862,9.886738799834133
443,CCCCCCCC=O,356.16885,8.627421416896391
444,CCCCCCCCCC,394.63416,9.96353607274755
445,CCCCCCCCC=O,372.2184,8.524746301255394
446,CCCCCCCCCCCCN,427.7531,8.452395300411876
447,C(=O)=O,240.8319,14.093129338219374
448,CNC,235.41614,9.175434695149448
449,CC(=C)C#N,316.56473,9.852685012753138
450,CC(=O)C(=O)O,357.73322,8.551212204663523
451,C1=CC=C2C(=C1)C3=CC=CC=C3O2,507.06006,10.35129204054203
452,COC(=O)C1=CC=CC=C1N,432.773,8.566340198878127
453,C1=CC=C2C(=C1)C=CC=C2N,462.82254,8.525865332743475
454,CCN(CC)C(=O)C1=CC=CC(=C1)C,344.17862,5.753294531772621
455,CCC1=CC=CC=C1CC,405.86194,10.087024697762946
456,C1=CC=C2C=C(C=CC2=C1)O,479.73322,9.40706223820072
457,CCCCOC(=O)C1=CC=CC=C1,418.0004,8.377169916067345
458,CCC(C)CO,364.87167,10.092922562976517
459,CC(=O)OCC1=CC=CC=C1,393.06006,8.455900130057804
460,C1=CC=C(C=C1)CC#N,408.367,8.536760564449951
461,C1CN(CCN1)CCN,458.08932,10.651782860860727
462,CC1=CC=C(C=C1)OC(=O)C,418.74298,9.521081735313043
463,COC1=CC=C(C=C1)CC=C,396.01053,8.508876403777387
464,CCOC(=O)C=C,308.3471,8.985474638513448
465,CCOC(=O)CC(C(=O)OCC)O,403.18875,8.514013583595405
466,CC(=CCC/C(=C/C=O)/C)C,406.7531,8.491334638683213
467,CCCCOC(=O)C=C,337.04016,8.609573165948873
468,C(CO)N,384.74298,9.314550313494697
469,CC(CC(C)(C)OC)O,377.85178,9.494804983453632
470,CCOC(=O)C,315.43604,10.22608919023537
471,CC(=CC(=O)C)C,342.97073,9.463247356124684
472,CCC1=CC(=CC=C1)CC,403.86194,10.083696611217395
473,CCOC(=O)CC(=O)C,370.26794,8.622535604093132
474,CCCCCCOC(=O)C(=C)C,407.149,9.387784212402874
475,C1CC=CC1,249.02028,8.48725758318238
476,C1CCOCC1,415.89157,12.933225037170796
477,CCCCCCC,323.6638,9.867782150706372
478,CCCCCCOC(=O)C,371.52533,9.134605093925156
479,CCCCOCCCC,384.21802,10.654628640863733
480,CCCCCCCCCO,421.5944,9.434804054011677
481,CCCCCCCCCOC(=O)C,328.93097,4.623389956668024
482,CCCCCCNCCCCCC,478.13922,10.67490166193759
483,COC(OC)OC,310.03003,9.064397302853852
484,COC1=CC=C(C=C1)O,449.71332,9.474765083720337
485,CC(CCC=C(C)C)CCOC(=O)C,409.29758,8.379000222473291
486,C1CN1,258.74298,8.063592649384432
487,C1CC12CC2,305.62402,11.29746078387135
488,C1CCC2(CC1)CCCC2,365.73285,8.625861079881078
489,C1CC2C1C2,304.2773,11.003531081195186
490,C1=CC=C2C(=C1)C3=CC=CC=C23,368.4953,5.649050094452104
491,C1=CC=C2C(=C1)C=CO2,355.1884,8.596084726369085
492,C1=CC=C2C=CC=C2C=C1,394.78238,7.7249218123490575
493,C1C[C@@H]2C[C@@H]2C1,307.58423,9.86361449628602
494,C1CCC1,252.69344,10.139504089626056
495,C1CCCC1,284.7925,10.097961539620446
496,C1=COC=N1,315.21802,10.495024942457672
497,C1OCOO1,279.97037,8.762309471897586
498,C1CCCCCC1,341.97073,9.92304806532363
499,C1CCCCCCC1,381.9606,10.309863758257906
500,C1CCCCCCCCCCC1,408.16885,9.682495507800498
501,C=CCC1=CC=CC=C1,380.50546,10.011689500829902
502,CC(CC1=CC=CC=C1)N,319.5745,5.49002246309332
503,C(#N)O,286.06943,11.086116901600345
504,C(#N)C#N,312.0897,13.681109283172376
505,CCOCOCC,305.67355,9.438398291670257
506,C=C=C,212.41614,10.25498234297235
507,C=C=O,183.49532,9.120754532199564
508,CC(C)(C)C,275.99023,11.279162037171039
509,CC(C)C(C)(C)C,307.61426,9.92199679547279
510,CC(C(C)(C)C)O,354.3073,9.98032179289482
511,C[C@@]12CC[C@@H](C1(C)C)CC2=O,474.52496,11.384370655380149
512,C[C@H]1[C@H]2C[C@]2(CC1=O)C(C)C,382.01053,8.534877440627413
513,CC1=C(C(=C(C=C1)C)C)C,426.04016,10.10873286130922
514,CC1=CC(=C(C(=C1)O)C)O,421.75272,6.833203939040274
515,CC1=CC=NC2=CC=CC=C12,496.54486,10.459777206698206
516,C1COCC2=CC=CC=C21,463.76285,10.888705714732348
517,C1COC2=CC=CC=C2O1,418.149,9.43260257218202
518,C1CC2=CC=CC=C2C1,414.20825,10.526686986364272
519,CC1=C(C=C(C=C1)O)O,418.9805,6.7335841360213635
520,CC1=CC(=C(C=C1C)O)C,434.45593,10.10250394153288
521,C/C=C(\C)/C=O,309.86194,8.570416581370946
522,C1CC2CC1C=C2,322.3467,10.012817241801963
523,CC1=C(C=CC(=C1)C(C)C)O,421.1096,8.741214020916274
524,COC1=C(C=C(C=C1)CC=C)O,430.4957,8.473835560733582
525,C1=CC=C(C=C1)CCC(=O)O,452.54523,8.447540589327872
526,C1CCCC(CC1)O,300.99023,3.57895585419994
527,C1CCCC(=O)CC1,413.64392,10.43083890709958
528,CC(CCC=C(C)C)CC(=O)O,441.39664,8.427044500674612
529,C1CCCC(=O)CCC1,433.7726,10.45737414203099
530,CCCCC(=O)CCCC,401.43604,9.726767161676717
531,CC#CC,277.67355,10.62558971493465
532,C1CNC1,255.74297,5.714009962666543
533,C1COC1,323.08932,11.606966310674496
534,C/C=C\C(=O)O,390.25778,9.660409056044038
535,CC(C)CC(=O)O,407.0004,10.072999745275347
536,CC1=CC(=CC(=C1)O)O,428.9805,6.708889273641667
537,CC(=CC(=O)C=C(C)C)C,382.52533,8.50243736159994
538,C(=C=O)=C=O,198.77261,6.941463557729897
539,C1COCOC1,164.8034,-3.3060172466426145
540,CC(C)C1CCC(C1)(C)C(=O)O,445.57486,8.614845867667999
541,CC=C(C)C,272.1291,9.945959806541001
542,CC(=C)C(=C)C,303.05966,10.11948560707703
543,CC1=CC(=O)C(C(=O)O1)C(=O)C,442.1096,8.506578351416303
544,CC1=C(C(=CC=C1)C)C,399.42627,10.095593891540942
545,CC1=C(C(=CC=C1)O)C,439.86194,10.097545400836296
546,CC1=CC(=C(C(=C1C)O)C)C,442.42627,9.405801102314783
547,CC1=CC(=C(C(=C1)C)C)C,422.29758,10.181577469365005
548,CC1=CC(=CC(=C1C)C)O,451.02026,9.423681494740462
549,CC1=CC(=C(C(=C1)C)O)C,421.89157,9.42892113823703
550,CC1=CC=CC=C1C(C)C,397.69345,9.970194728878035
551,C1C=CC2=CC=CC=C2C1=O,451.60452,9.234682667892727
552,C1=CC=C(C=C1)N(C2=CC=CC=C2)N,484.82254,8.517246951695777
553,CC1=CC(=CC=C1)C(C)C,394.69345,9.962637750520935
554,CCC1=CC=NC=C1,380.48557,9.698675290992309
555,CCC1=CN=CC=C1,380.17862,9.749951971976436
556,C=CCN(CC=C)C#N,423.89157,9.420191100340224
557,CCCCCC1=CC=CC=C1,425.91147,10.092764897845178
558,CC(C)CC1=CC=CC=C1,393.24805,10.012591782298903
559,CCOCC1=CC=CC=C1,368.26794,8.572557855140323
560,CC1=CC=C(C=C1)NN,423.39664,8.401536738064593
561,CCOC(=O)CCC(=O)C,389.26794,8.521457824912643
562,CCCC(=O)OCC(C)C,343.65405,8.536987136772145
563,CCC(=O)OCC(C)C,330.99063,8.540063182398734
564,CCOC,261.1884,10.62913700101182
565,CC(C)(C)ON=O,297.4953,10.069549536038537
566,CC(C)CC(C)(C)C,326.89157,10.02608079331893
567,CCCC(=O)N,353.9805,5.061725592483057
568,CC(C)ON=O,259.5347,9.451773073169225
569,CC(=CC(=O)O)C,413.43604,9.645473604642692
570,C1CCOC(=O)C1,384.4957,8.568374545024723
571,CCCON=O,259.5347,8.96278247181382
572,CC(C)CCOCCC(C)C,358.961,8.5520018331983
573,C1C=CC=CC=C1,301.31708,8.215886832837542
574,CC(C)C(=O)OC,438.7531,13.355190975624986
575,COC(=O)C(=O)OC,425.2878,11.178606094769169
576,CCC(=O)OC,314.04993,10.08438299349784
577,CC(C)O.[Al],361.71295,4.680729529528298
578,CC(C)CC(=O)OC,312.6837,8.57252484668891
579,CCCOC(=O)CC(C)C,345.4758,8.551009175475551
580,CCCOC,289.28745,10.651846525484094
581,CCOCC=C,312.39664,10.515193245280251
582,CC1(CO1)C,258.45593,8.72276248196897
583,CC(C)(C)C=C,277.74298,10.129787356989295
584,CC(C)(CO)O,451.0,11.520628293167876
585,CCC(C)(C)C(C)C,339.71332,9.993728916692406
586,CC(C)C(C)(C)C=C,335.27768,10.086962731659916
587,CCC(C)(C)C(=C)C,338.149,10.088885790428384
588,CCC(C)(C)CC,314.22815,9.992560389878626
589,CCCC(C)(C)CC,339.149,10.043664425162165
590,CC(C)C=C,254.3865,9.90818018967954
591,CCC(=C)C,264.3865,9.886372760901814
592,CC(C)C(=C)C,290.48557,10.103456289267962
593,CCOCC=C,288.07956,9.459948883785197
594,CCC(C)C(C)(C)C,338.02026,10.084563723618274
595,CC(C=C)C(C)(C)C,334.27768,10.081139370149666
596,CCC(C)C(C)C,321.56473,10.12645379358776
597,CCC(C)C(C)O,367.9212,10.062757286746734
598,CCC(C)C(=O)C,346.149,10.04375988966773
599,C/C=C(/C)\C(=O)O,404.56473,9.649330294666859
600,CCC(C(C)C)O,360.48557,10.06649193587477
601,CCC(=O)C(C)C,360.01013,10.653090879918363
602,CC(C)C(C)C(C)C,345.9212,10.243820116239819
603,CC(C)C(C)C(=C)C,338.58463,10.116202228219334
604,CC(C)C(=C(C)C)C,345.45593,10.109829461857139
605,CC(C)C(=O)C(C)C,353.02026,10.061828269134658
606,CC1=C2C(=CC=CC2=CC=C1)C,370.67355,5.493706419740697
607,CC1=C(C2=CC=CC=C2C=C1)C,468.50546,9.68966180253776
608,CC1=C(C(=CC=C1)C)O,423.86194,10.091667286313957
609,CC(C)C1=CC=CC=C1C(C)C,426.33698,10.140851073016133
610,CC(=O)N(C)C1=CC=CC=C1,441.78275,9.133264359703707
611,CC1=CC2=C(C=C1)C=C(C=C2)C,398.812,7.364396673934046
612,CC1=CC2=C(C=C1)C=CC(=C2)C,381.06943,6.530068282708083
613,CC(C)CC(=O)C1=CC=CC=C1,405.06006,8.512191736590255
614,CCC(C)C(C)CC,338.48557,9.804753272387742
615,CC1=C(N=CC=C1)C,399.88144,10.53180458993398
616,CCC(CC)O,351.43604,10.049134119265943
617,CC1=C(C=C(C=C1)N=C=O)N=C=O,358.78275,5.33458738110885
618,CCCC(C)C(C)C,341.4064,9.9862286248952
619,CC(=C)C(=O)OC(C)(C)C,355.3865,9.776645829581932
620,CC(C)(C)C1=CC(=CC=C1)O,448.9411,9.629380949390676
621,CC1=CCC(=C(C)C)CC1,376.16885,8.71500074645828
622,C1=CC=C(C=C1)N=O,315.4259,6.426795986190388
623,CCC1=CC=C(C=C1)N,396.8818,8.522677140627142
624,CCCC(C)CC,318.17862,9.89958756208371
625,CCC(C)CCO,384.22815,10.028486071734642
626,CCCC(=O)CC,353.149,10.092813432157023
627,CCC(C)CC(C)C,334.22815,9.923391135170414
628,CCCC(C)CCC,342.5351,9.939794455986691
629,CCCC(CCC)O,386.4064,10.119322376251665
630,CCCCC(=O)CCC,351.16885,9.029069401668444
631,CCCCCCCC(=O)OCCCC,419.67355,8.582184383228185
632,CCCCC(C)CC,348.17862,10.113142088305777
633,CC1CCC(=O)CC1,399.54486,10.33041907758209
634,CC1=CN=C(C=C1)C,389.80225,10.330539727462526
635,CCCCOC(=O)CC,352.48557,9.268264724414331
636,C/C=C\C,245.5152,10.150976685130587
637,CC=C=C,244.28743,9.76934673709571
638,CCCC(C)(C)C,307.61426,9.954637305786505
639,CCCC(C)(C)O,356.9212,10.180423986020557
640,CC1(CCCCC1)C,346.63416,10.099611957673226
641,CCCCC(C)(C)C,333.09946,9.97318033851204
642,CC1C=CC(=O)O1,418.7925,9.658235368028503
643,CC1=CC(=CN=C1)C,403.67355,10.339188426206341
644,CC1CCC=CC1,351.6837,10.778992848817426
645,CC1CCCC=C1,343.26755,10.475245969994432
646,CC1=CCCCC1,341.80225,10.182706475494985
647,CCCCC(C)C,317.04993,9.916484915415218
648,CCCCC(=O)C,356.58463,10.085186719654555
649,C=CCCC(=O)O,406.43604,9.679164814007882
650,C=CCC=C,267.67355,10.259168415105943
651,CCC=C=C,286.46567,10.31563128400602
652,CC=C=CC,290.9805,10.362567199690613
653,CC(C)CCC(C)C,334.22815,9.929255657145504
654,CCCCCC(C)C,343.6638,9.984266734297535
655,CCCCC=C,295.35687,9.99918266714651
656,C=CCCC=C,300.812,10.404833645737668
657,CCCC=C=C,349.0,11.521712880476192
658,CCC=C=CC,341.0,11.521626019370629
659,C1CC=CC=C1,331.39624,10.804199039453533
660,CCCCCC=C,321.4064,9.955656962141694
661,CCCCOC=O,336.97073,10.042998520183222
662,C[Te]C,328.05966,10.155762575144665
663,CC1CC1,221.00038,8.714719380099378
664,CC(=C)C(C)(C)C,310.09946,10.108619376117632
665,CC(C)C(C)(C)O,353.04993,10.072137486856807
666,CC(C)(C(=O)O)O,420.6638,9.033493323571534
667,CC(C)(C)C(C)(C)C,386.812,11.724626599085648
668,CC(C)(C)C(C)(C)O,326.31708,8.501873054387675
669,CC(C)(CC(=O)O)C(=O)O,403.26794,8.491695219777709
670,CCC(CC)(CC)O,355.04993,9.336759476816528
671,CCCC(CC)(CC)O,379.1291,9.613537341160038
672,CCCC(C)(CCC)O,383.0004,9.754796815518224
673,CC(C)C#C,267.69345,10.115435056236922
674,CC(C)OC,288.31708,10.934159667255438
675,COC(=O)N,356.9606,8.14856295517158
676,CC1CCC1,309.0,11.511403150402929
677,CC(C)C(C)O,349.0004,10.096616817250087
678,CC(C)C(C(C)C)O,370.97073,10.127129846287339
679,CC1=C(C=CC=C1O)O,408.9805,6.737668052775424
680,CCC(CC)C(C)C,340.84204,9.972298573852056
681,CCC1=CC=CC=C1C,419.70358,10.027553731295747
682,CC1=CC=CC=C1C=C,339.85178,7.8804721209270205
683,CC1=C2C(=CC=C1)C=CC=N2,506.50507,11.178885378436233
684,CN(C)C(=O)C1=CC=CC=C1,386.06943,5.674714303247388
685,CC1=CC2=CC=CC=C2N=C1,480.03003,10.359318787465382
686,CC1=CC2=C(C=CC=N2)C=C1,510.4259,10.520734155250352
687,CCN(C(=O)OCC)N=O,305.67355,5.1843257644857665
688,CCOC(=O)N(C)N=O,302.01013,5.259482595076859
689,CC(C)OC(=O)C(=O)OC(C)C,381.78275,8.497763704112849
690,CC1=CC(=C(C=C1O)O)C,394.31747,8.528718046345752
691,CCCOC(=O)C(=O)OCCC,396.70358,8.543359740009494
692,CC1=CC(=O)OC1=O,392.7531,8.54616925837462
693,CCCOC(=O)C(C)O,369.3272,8.982334751475792
694,CC/C(=C/C)/C,304.35687,10.098755611519177
695,CCC(C=C)O,359.21802,10.465648044990957
696,CC(C)C(=O)OC(C)C,316.11932,8.604632393212071
697,COC(=O)CC(=C)C(=O)OC,402.555,8.379780641324302
698,C/C(=C\C(=O)OC)/C(=O)OC,393.26794,8.484082575082821
699,CCC(CC)CC,318.74298,9.866928482126646
700,CCN(CC)C=O,329.13885,7.1115320508999815
701,CC(C)C1=CC(=CC=C1)O,407.31747,8.502554136988675
702,CC1CCC(CC1O)C(=C)C,407.13922,8.492877682291141
703,CCCC(CC)CC,343.09946,9.938565175734025
704,CCC1=CC=CC(=C1)C,417.961,10.081943410096043
705,CCC1=CC(=CC=C1)O,469.8319,10.941341791984371
706,CCCC1=CC(=CC=C1)O,440.89157,9.629954282944968
707,CCCC1=CC=CC=N1,379.61426,9.635689319861816
708,CCC1=CC=C(C=C1)C,388.37674,10.159194319080985
709,CC1=CC=C(C=C1)C=C,385.87167,9.756167834855729
710,CCOC(=O)/C=C/C1=CC=CO1,462.85178,10.217376568906278
711,CCCC(CC)O,365.6638,9.946994482616962
712,CCCC(=O)OC,322.86194,9.57679347214559
713,CCOC(=O)CO,349.73322,8.504920351426481
714,CCC(CC(C)C)O,368.69345,9.618378148138712
715,CCOC(=O)/C=C/C(=O)OCC,397.8818,8.491435494310531
716,CCCCCCCC(=O)OCCC,379.15872,7.5061698669130585
717,CCCCC(C)CO,386.3865,9.588172255818826
718,CCCCC(=O)OC,346.6638,9.628199776953243
719,CC1CCC(CC1)C,351.63416,10.110073590630787
720,CC(=O)CCC(=O)OC,380.83228,8.499066782174035
721,COC(=O)/C=C\C(=O)OC,387.70358,8.478947341233354
722,C/C=C/C,238.90132,9.958936189736438
723,CCNC,302.06943,11.25646035991885
724,CN=C=O,284.29718,10.459527582151505
725,CON=O,241.9606,10.950077930859825
726,CC(C)(C)CCO,374.7925,9.982298332686911
727,CCCCC(C)(C)O,356.3073,9.25209576585377
728,CCCCCC(C)(C)O,382.1291,9.759383849955434
729,C=CCC(=O)O,389.1291,9.653891563849148
730,COCC(=O)O,391.2184,8.410264034410666
731,CC(C)C=C(C)C,315.6638,10.088830957325964
732,CC(=O)NC(=O)C,423.76285,9.097437616963191
733,CC1=CC=C(N1)C,416.56473,10.78930377151294
734,CN1CCCCC1,320.04993,9.491253705693875
735,CCCCCC(=O)OCCC,349.54486,7.515151294126035
736,CC(C)CCCO,384.7925,10.072946018002419
737,CCCCC(C)O,372.35687,10.006999982167695
738,CCCOC(=O)O,387.86194,8.450762358745425
739,CCCC#C,277.0004,10.075638042316108
740,CC/C=C\C,271.56473,9.97912668403379
741,CCC#CC,291.61426,10.107443064112525
742,C/C=C/C#N,315.42627,8.603668365871851
743,CCCNC,329.32684,11.285456459088643
744,CC[Te]CC,345.5351,7.225666434278608
745,CC(C)CCC(C)O,380.72308,9.932019210027814
746,COC(=O)CCCCC(=O)OC,408.57486,8.376594089277024
747,CCCCC=C(C)C,317.555,8.597848645463113
748,CCCOCC,299.04993,10.111919505247219
749,CCOOCC,287.85178,9.696016728345327
750,C1C=CCC=C1,312.2773,9.731768239224493
751,CC(=O)OCOC(=O)C,381.48557,9.434151781948744
752,CC(C)COCC(C)C,315.29758,8.525048058205996
753,CCCCCOC(=O)C,360.9212,9.492859658773304
754,CCCCCC#C,330.84204,10.083830915005045
755,CCCCCC#N,386.1291,10.006539025839189
756,CCCCOCC,334.52496,10.488099812434994
757,C1CCC=CCC1,277.5745,6.994555093183299
758,CCCCCCC#C,355.02026,10.082774218742522
759,CCCCCCC#N,365.01053,8.547267300887222
760,CCOCCOCC,357.73285,10.339565682586125
761,C\1=C\C=C/C=C\C=C1,323.97073,8.316832499657595
762,CCCCCCCCCC#CC,469.3467,10.812970715880898
763,CC(C)(C)C#N,337.8319,10.188191036080886
764,COC1=CC=C(C=C1)C=C,377.6837,8.09112586948313
765,CCOC(C)(C)C,363.54486,12.047483920941815
766,C[C@@H]1CCC[C@@H](C1)C,350.76285,10.074399599452395
767,CCCC(=O)OC(C)C,327.42627,8.588082544235684
768,CCCOC(=O)C(C)C,327.99063,8.620526132586766
769,CCCOC(=O)CCC(=O)C,403.13922,8.568583539036656
770,CC/C=C/C,271.56473,10.00644805358646
771,C(CCCN)CCCN,290.4259,5.523039163089702
772,CC(C)CCOC(=O)CC(C)C,372.7531,8.549922508881496
773,C/C=C/C(C)C,293.04993,10.083020009703567
774,C=C1CC(=O)O1,331.46567,8.986732958720715
775,CC(CO)C(C)O,469.57486,11.051499960063422
776,CCOC(=O)C(C)O,361.6638,9.214503516057206
777,CC(=C(C)CCC(=O)C)C,382.961,8.517661859377231
778,C/C=C/C(C)(C)C,309.6638,10.096294634409388
779,CC/C=C\C(C)(C)C,335.02026,10.104840609694184
780,CC/C=C/C(C)(C)C,331.84204,10.108265269174494
781,CC(C)CC=C,289.04993,10.118464310195533
782,C/C=C\C(C)C,291.04993,10.09049239528369
783,CCOC(=O)/C=C(/C)\C(=O)OCC,407.06006,8.52505786187213
784,CC(C)/C=C/C(C)C,332.84204,10.087746990256514
785,CCC/C=C/C(C)C,342.02026,10.098278559861287
786,CCCCC#C,305.35687,10.09464735354763
787,CCCCCCCCC(=O)C,427.91147,9.880158420350252
788,CCCCCCCC/C=C/C,392.24805,9.192742657530596
789,CCCCCC/C=C/CCC,391.37674,9.243849877874688
790,CCCCCOCCCCC,397.9212,9.672101800561009
791,C=CC1CC1,298.71295,10.965894593312555
792,CC1=CCCC1,330.812,10.932636636073342
793,CCC1CCC=C1,342.21802,10.60193147516385
794,CC(C)C1CCCCC1,380.46567,10.155750704176695
795,CC1=CC(=C(C(=C1)O)C)C,486.13885,10.955019703135404
796,CC1=CC(=C(C(=C1C)C)C)C,411.01053,8.727505494272325
797,CCC(C)C=C,289.04993,10.11555868601842
798,CCC(=C)CC,298.9212,10.091474271728883
799,COC(=O)C#CC(=O)OC,299.13885,3.456551079311339
800,CC(C)(C)CC=C,305.09946,10.108080321341431
801,C/C=C\C(C)(C)C,312.5351,10.1117784277596
802,CCCC(=C)C,296.48557,10.097125382758588
803,CC(=C)CC=C,329.0,11.521376960948906
804,CCCC#CC,325.26755,10.391483984877905
805,CCCCCCCCC#C,421.03976,10.810141620746682
806,CCCCC/C=C\CCCC,390.9411,9.257686126452557
807,CCCCC/C=C/CCCC,391.37674,9.24174118537928
808,C=COCCOCCOC=C,394.9411,9.115648536734353
809,CCCCCCCCCCC#C,460.78238,10.80756483584606
810,C1CC1N,313.4953,11.202317165914616
811,CC(=O)C1CC1,367.97037,10.95623247450708
812,CC1=C(CCC1)C,353.6837,10.754165955298198
813,CC1(CCOCO1)C,345.61426,9.49209017344745
814,CC1CCC2=CC=CC=C12,464.0,11.531953701218272
815,CC1C=CC2=CC=CC=C12,472.0,9.535029043977902
816,CC1=CCC2=CC=CC=C12,479.0,11.537399157692308
817,C/C=C(/C)\C1=CC=CC=C1,447.0,10.449994809475161
818,C/C=C(\C)/C1=CC=CC=C1,468.0,11.529583450653265
819,CC(=CC1=CC=CC=C1)C,461.0,11.52467978292621
820,CC1=CC(=C(C(=C1)C)C=C)C,414.4064,9.589263301894967
821,CCC12CC3CC(C1)CC(C3)C2,421.58463,9.593027756218051
822,CC(=C)C(=O)C,342.21802,10.577507714083646
823,CC(=O)C(C(=O)C)C(=O)C,414.3073,9.439343971577676
824,CCCCOC(=O)C(C)(C)O,402.69345,9.818951824825225
825,CCC(=CC)CC,326.84204,10.10359564827448
826,CCOCC(=O)OCC,373.56473,9.589119278467912
827,CCOC(=O)CCCC(=O)OCC,417.69345,8.659794288406085
828,CCCC(=O)OC(C)CC,380.9411,10.003846859328595
829,CCCCCCCC(=O)C,417.555,10.058514602348183
830,CCCCCCCCCC=C,409.555,9.902471543354242
831,CCCCCCCC/C=C\C,392.6837,9.175683341981873
832,CCCCCCC/C=C\CC,391.37674,9.228932256556513
833,CCCCCC/C=C\CCC,390.9411,9.24097806090913
834,C1CC=C1,231.41614,9.47364966835492
835,C[C@@H]1CCC[C@H]1C,322.84204,10.108628622782529
836,CC1=C2CCCC2=CC=C1,479.0,11.53402306017115
837,CC1CC2=CC=CC=C2C1,465.0,11.536541240886075
838,C1CCC(CC1)C2=CC=CC=C2,411.41653,8.631010470116877
839,C1CCCCCC(=O)CCCCC1,495.27768,10.266645151058043
840,CCCCOC(C)OCCCC,373.13922,8.589482740718594
841,CCCCCCCC(C)C,391.6837,10.089939866165523
842,CCCCCCCCC=C,265.5351,2.8625823771805052
843,C1=COC(=O)O1,325.4259,7.373073806505641
844,CN1CCCC1=O,397.42627,9.116967545390239
845,C/C=C/C1=CC=CC=C1,361.13922,8.593431210776131
846,CC1=CC2=C(CCC2)C=C1,475.0,11.522668528148147
847,CCC1=C(C=C(C=C1)C)C,407.65405,10.119653382741502
848,CC1=CC2=C(C=C1)N=C(C=C2)C,489.5745,10.332058038993608
849,CCC1=CC(=C(C=C1)CC)CC,393.93134,8.563240093281793
850,C1CCCCCC(=O)CCCC1,471.21802,10.078799647298926
851,CC1=CC(=CC(=C1O)C)C(C)(C)C,447.76285,9.427581928956512
852,CC(C)(C)C#C,274.43604,10.08637535854466
853,CC(C)(C)N(C)C,298.24765,9.104096970548719
854,CCC(C)(C)C#C,303.7925,10.10440741602876
855,CCC(C)C(C)C(C)C,364.9411,10.092649671580213
856,CCCC(C)C(C)CC,367.0698,10.101097332158385
857,CCC(C)C#C,293.17862,10.10170111503844
858,CC/C(=C\C)/C,301.35687,10.088334916187078
859,CCC(C)ON=O,275.71295,8.868051752031818
860,CC(C)OC(=O)CCC(=O)OC(C)C,429.27768,9.446311424257456
861,CCCOC(=O)CCC(=O)OCCC,425.80264,8.484313304596515
862,CCCOC(=O)C=C,334.04993,9.410430105699826
863,CC(=O)OCC(C)(C)C,344.1291,9.18042420618255
864,CC(=CC=C)C,349.0,11.512711343877552
865,CCCCCC(=O)CCCCC,436.7925,9.74163669696257
866,CC(=O)CCC#N,427.85178,9.163393099704374
867,CCC#CCC,313.6638,10.076705909330169
868,CCCCCCCC=NO,326.06943,7.736549816391541
869,C[C@@H]1C[C@@H]1C,310.0,11.520283269090907
870,CC[C@H]1CCC[C@H]1C,354.63416,10.07970995850106
871,CC[C@@H]1CCC[C@H]1C,348.76285,10.092450172685833
872,C1CCC/C=C\CC1,299.13885,6.96393272133421
873,CCC[C@H]1CCC[C@H]1C,426.0,11.532598331727021
874,CCCC1CCCC1C,420.0,11.537810813841807
875,CCC1=CC=CC(=C1C)C,412.52533,10.11504614563208
876,CCC1=CC(=CC(=C1)C)C,403.78275,10.126152108270736
877,CCC1=CC(=C(C=C1)C)C,408.65405,10.115924933633957
878,CCC1=CC=C(C=C1)C(=O)C,326.3666,6.4124227244266585
879,CC(C)(C)C(=O)C1=CC=CC=C1,401.57486,8.499702243859662
880,CCC1=CC2=CC=CC=C2C=C1,472.44617,10.072749147857493
881,CCC(C)(C)OC,330.3467,10.561432378405243
882,CC#CC(C)(C)C,315.5351,10.120479149814352
883,CC(=CCC(C)(C)C=O)C,319.13885,6.343373573699054
884,CC(C)CCCCCCC(C)C,477.0,11.52275481058679
885,CCCCCCCCC(C)CC,412.76285,9.411770231615908
886,CCCCCCC/C=C/CC,391.37674,9.224157288017443
887,CC/C=C/C1=CC=CC=C1,472.0,11.530004114477613
888,CCC(C)(CC)CC,341.4064,9.932374566003086
889,CCC(CC)(CC)CC,368.99063,10.033089223973155
890,CCCC(C)(C)CCC,362.50546,10.100696544434786
891,CCC(C(C)C)C(C)C,362.50546,10.076755869919735
892,CC(C)CC(C)C(C)C,358.63416,10.107033445862246
893,CCCCC(C)CCO,402.9212,9.72914084039277
894,CC(C)(C)CC(C)(C)C,349.63416,10.114853675615047
895,CCCCCC(C)(C)C,359.63416,10.095122747932747
896,CC(C)(C)CCC(C)(C)C,364.63416,10.107304423512474
897,CC(C)CCCC(C)C,362.63416,10.106273829316995
898,CC(C)CCCCC(C)C,384.8124,10.081791906486517
899,C1=CC=C(C=C1)C(=O)C=O,399.84204,9.092993604516574
900,CCCC1=CC=CC=C1C,405.3471,10.114173115097687
901,CCCC1=CC=CC(=C1)C,402.91147,10.11721297312938
902,CCCC1=CC=C(C=C1)C,403.91147,10.111879137937526
903,CCCCCCC1=CC=CC=C1,444.65405,10.092759508031486
904,CC(C=C)C=C,328.0,11.521392147069596
905,C(#N)C(=O)C#N,267.86154,8.005978848076431
906,CC(C)CN(CC(C)C)CC(C)C,369.4758,8.511493494223503
907,C(CO)N(CCO)N=O,322.6638,0.4486715961530052
908,COC(=O)CCCC(=O)OC,413.63416,9.230017789708446
909,CCCCNC(=O)C,534.48596,11.07897023322603
910,CCCCC#CC,341.58463,10.094190719156664
911,CCCCCCCCC(C)O,453.31708,10.474111109767387
912,CCCCCCCCCCC,418.29758,10.088818326514167
913,C=C1CCC1,306.2379,11.206381868613917
914,CC1COCOC1C,376.9606,10.721592583394076
915,CNC1=CC=NC=C1,326.06943,4.261413843493727
916,C1CCCNCCC1,290.4259,5.524240754035127
917,CC1=CC2=CC=CC=C2C=N1,483.85178,10.466702773920062
918,CCCCNC1=CC=CC=C1,513.1989,11.489972730310651
919,CCCCOC1=CC=CC=C1,431.64392,10.11891505467063
920,CCC1=CC=CC2=CC=CC=C21,473.01053,10.0751584634229
921,CCC(C)(C)CO,369.22815,10.05574005891123
922,CC(C)C(C)C(C)(C)C,358.9411,10.096653527040093
923,CCN(CC)C(=O)N(CC)CC,295.09946,2.9844511915186764
924,CCC(C)(C)CCC(C)C,377.8124,10.090822749663229
925,C/C=C\C#N,303.6837,8.61307436613388
926,CC(C)CCCC(C)(C)C,374.9411,10.094803443171573
927,C1CC(=O)C1,325.25778,9.868974148682558
928,CCC1CC1,309.0,11.523433156058392
929,C[C@@H]1CCC[C@@H]1C,329.149,10.086547036339217
930,CC1=CC=C(C=C1)C(=C)C,459.0,11.522587015473146
931,CCC1=CC(=CC(=C1)O)CC,445.9411,9.411166099886783
932,CC1=CC(=NC2=CC=CC=C12)C,495.46567,10.447511023648165
933,C[C@@]12CC[C@@H](C1(C)C)C[C@H]2OC=O,408.8319,8.964347077394109
934,CCC1=CCCCC1,366.41614,10.18694050336493
935,COC(=O)C1=CC(=CC=C1)C(=O)OC,423.4953,7.792628713713674
936,C1CC[C@H]([C@@H](C1)O)O,302.50507,3.0611270087567206
937,CC1(CCCC1)O,377.08932,10.418184557707146
938,CCCOCC=C,302.48557,9.216911438276863
939,CC1=CCC1,301.32684,11.07181328025564
940,C/C=C\C(=C)C,349.0,11.521644899931973
941,C1CCCCC(=O)CCCC1,382.1884,7.473039476278997
942,CCCCC(CC)COCCO,433.27768,9.404688641007544
943,CC/C=C\C1=CC=CC=C1,462.0,11.522563425816328
944,CC=CC(C)O,362.39624,10.417177707242946
945,C/C=C\C=C,283.80225,10.23467416962884
946,CCC1=CC=C(C=C1)OCC,391.26794,8.510239485232837
947,COC(=O)C[C@@H](C(=O)OC)O,421.18875,8.490985508292965
948,C/C=C/CC(=O)O,410.87167,9.641760155026521
949,COC1=CC=CC=N1,318.812,7.933850592225408
950,CCC(=O)C=C,327.5944,9.68775913799449
951,CC1(CC1)C,294.0,11.533628725366794
952,CCCCC(=C)CC,348.3272,10.099029711025482
953,CCCCCCC(C)CCCC,410.58463,9.397120429571972
954,CC(C)(C)OC,303.99023,10.650528756594916
955,CCCC(CC)C(CC)CCC,470.0,11.522703374262145
956,CCCCC(C)C(C)CCCC,474.0,11.522728452559596
957,CCCCCCC(CC)CCC,477.0,11.52268270248158
958,CC1(CCCC1)C,318.84204,10.09912803691495
959,CCC1CCCC1,335.76285,10.19664596525649
960,CCC(C)(C)CC=C,337.71332,10.108080622801042
961,CCC(=C)C#N,306.29758,8.644676279360889
962,CC(=O)C12CC3CC(C1)CC(C3)C2,464.2379,9.612363857803405
963,C[C@@H]1CC[C@@H]([C@@H](C1)C)C,367.73322,10.080747138096974
964,CCC1CCCCC1,358.50546,10.107315012931364
965,CCCC1CCCCC1,381.11932,10.10214693176004
966,CCCCC1CCCCC1,402.73322,10.08377203333595
967,CC(C)CC1CCCCC1,395.33698,10.140330767715254
968,CC1=CC(=C2CCCC2=C1)C,360.9212,6.876198974392459
969,CCN(CC)C(=O)C1=CC=CC=C1,387.50507,5.7367655718979265
970,CCCCCCC1OCCO1,376.8124,8.3767892773593
971,CCCCCCCCC(=O)OC,389.9013,8.374532204723542
972,CCCCCCCCCCC(=O)OC,404.27768,7.674678416574819
973,C=CCOC1=CC=CC=C1,398.0004,9.544991870578484
974,C1CC2CCCC2C1,306.71295,7.634364073651412
975,CCC1=C(C=CC(=C1)C)C,406.2184,10.11512324521196
976,C[C@@H]1CC[C@H](C1)C,321.84204,10.110944448676358
977,C1CC[C@@H]([C@@H](C1)O)O,302.50507,2.9098765003801823
978,C=CCOC=O,399.13885,12.778696216030802
979,CCCC(C(C)CC)O,382.48557,9.737553574087569
980,C(CCCCC#N)CCCC#N,320.86154,-1.7717517716209805
981,CC1=CC(=C(C(=C1)C(C)(C)C)O)C,446.37674,9.46434255276223
982,CC1=COC(CC1)(C)C=O,381.3073,9.694214493447292
983,CCCC#CCCC,371.7032,10.485323079873195
984,CCCCC#CCCCC,394.56473,9.83508109862434
985,CCCCCCCCCC#N,469.33698,10.344856989549065
986,C/C=C/C=C,284.85178,10.370008058879534
987,CCCCCCCCCCN,441.91147,10.070097545125899
988,CCOC1=C(C=C(C=C1)C=O)OCC,402.19812,5.593120884965707
989,CC1=CC(=C(C=C1)C)C=C,373.8818,8.601512265291984
990,CCC(=C)C1=CC=CC=C1,455.0,11.522518853643412
991,CCCCC1CCCC1,408.9606,10.704135515704369
992,CCCC1CCCC1,358.19852,10.100171524381288
993,CC(C)CCOC(=O)C(C)C,365.1096,9.007489116636188
994,CCCCCOC(=O)C1=CC=CC=C1O,467.78275,9.27802328347963
995,CCC1=CC(=CC(=C1)C)CC,379.7531,8.5692477523967
996,CC(C)COC(=O)C(=O)OCC(C)C,408.7531,8.515714313868234
997,CCCCCNCCCCC,443.4758,10.644246405515863
998,CCC(C)CCCC(C)C,385.24805,10.087150249133725
999,CCCCCC(CC)(CC)O,405.97073,9.37882650617598
1000,CCCCOC(=O)CCC(=O)C,424.65405,8.886961085812034
1001,CCC1=CCCC1,346.26755,10.465606582617733
1002,CC(C(=O)OC)O,359.87167,9.56023155596019
1003,CCCCCCCCOC(=O)C(=C)C,440.3272,9.382136895693309
1004,CC1=CC2=CC=CC=C2C1,458.0,11.521001017818696
1005,CC(C)CCC#C,323.5351,10.089167001691347
1006,C[C@@H]1CCCC[C@@H]1C,356.50546,10.113507235894897
1007,C[C@@H]1CCC[C@H](C1)C,349.0698,10.158830534458033
1008,CC1CCC(CC1)C,346.63416,10.102065291960987
1009,CCCOC(=O)C(=C)C,351.48557,9.396111014671495
1010,CCCC(C)CC(C)C,360.19852,10.083166752741
1011,CC(C)CC(=C)C,313.5351,10.096680209321162
1012,CCC(C)CCC(C)C,362.63416,10.082553781809388
1013,CCCC(CC)CCC,368.0698,10.09198639551595
1014,CCCCCC(C)CC,371.0698,10.102050311534816
1015,CCCCC(C)CCC,369.0698,10.08706270216203
1016,C[C@@H]1CC[C@H]([C@@H](C1)O)C(C)C,422.09946,9.532406116268008
1017,CC1=C(C(=CC=C1)C(C)(C)C)O,431.19852,9.440036910232305
1018,CC1CCC(C(C1)OC=O)C(C)C,394.93134,8.542368281286413
1019,CC1=CC(=C(C=C1)C=C)C,369.73322,8.13554824102484
1020,CCCCCCCCC#N,402.93134,8.625536558915678
1021,CCCCCCCCCC#C,430.62402,10.495654719064868
1022,CCCCCCCCCCC#N,483.7726,10.263078459125493
1023,CCCCCCC1CCOCO1,376.8124,7.264730647314586
1024,CCCCCC#CCCCC,433.62402,10.496286587809688
1025,CCCCCC(=O)OC(C)C,339.67355,7.516252765633618
1026,CCCC(C)C(C)O,382.28745,10.016484998865716
1027,CCCOC(=O)C1=CC=CC=C1,399.95087,8.28696045514664
1028,CCCCC(C)(C)CO,397.82214,9.65792275457434
1029,CCCCCCCC#CC,430.47543,10.8064706256352
1030,CCCCCCC#CCC,426.03976,10.814129448497077
1031,CCCCCC#CCCC,424.47543,10.810692733949386
1032,CC(C)C1=CC=C(C=C1)C(=C)C,436.1092,9.902409480555068
1033,CC(=C)C(=O)OCC(C)(C)C,323.89117,7.206700772661504
1034,C[C@@H]1C[C@H]1C,301.0,11.51411968842105
1035,CCOC(=O)CC(=C)C(=O)OCC,401.1096,8.561521021076006
1036,CC1=CC(=C(C=C1)O)C(C)(C)C,439.45593,9.474539664830319
1037,CCCC1CC1,342.0,11.517005353913042
1038,CC1=C(C(=C(C=C1)C)O)C,421.29758,9.290607725715734
1039,CCOC(=O)/C=C(\C)/C(=O)OCC,407.7531,8.476185007048318
1040,CCCCC1=CCCC1,393.88144,10.479886038280174
1041,CCCCOC[C@H]1CO1,181.358,-3.018651587760189
1042,CCCCCCCCCCCC#N,490.5351,10.048452333131069
1043,CCCCCCCCNC,427.29758,10.623240980842596
1044,CC12CCCCC1C2,363.65366,10.47206790503876
1045,CCC[C@H]1CC[C@@H](C1)C,421.0,11.522461086760565
1046,CCC[C@@H]1CC[C@@H](C1)C,421.0,11.522461086760565
1047,CCCCCCCOC(=O)C=C,411.71332,9.383175620925012
1048,CCCCCCCCOC(=O)C=C,404.6244,8.450780522969875
1049,CCCCCCOC(=O)C=C,393.84204,9.391406061136239
1050,C[C@@H]1CC[C@@H](C1)C,322.27768,10.093453039909178
1051,CC[C@H]1C[C@@H](C[C@H]1C)C,418.0,11.52250643328612
1052,CC[C@H]1C[C@H](C[C@H]1C)C,418.0,11.52250643328612
1053,C[C@@H]1C[C@H]([C@@H]([C@H]1C)C)C,401.0,11.537184844642859
1054,CCOC1=C(C=C(C=C1)C=O)O,403.9407,4.998536839845951
1055,CN1CCCCCC1=O,476.3865,10.680689309504634
1056,CC(C)(CCO)O,408.61426,9.06377340271619
1057,CCCC#CCC,336.71332,10.080009221033267
1058,C=C/C=C\C=C,313.406,10.05087667490516
1059,CC(C)CC(C)CC(C)C,374.0698,10.095616353021617
1060,CC[C@@H]1CC[C@H](C1)C,348.76285,10.108472194239837
1061,CC[C@H]1CC[C@H](C1)C,348.76285,10.08437842477695
1062,CCCC(C)C1=CC=CC=C1,373.8818,8.611297793981443
1063,CCCC=C(C)C,326.27768,10.101538206471702
1064,CC(C)OC1=CC=CC=C1,389.43604,9.694338900797728
1065,C/C=C(\C)/C=C,350.0,11.521675288305085
1066,C/C=C(/C)\C=C,350.0,11.521675288305085
1067,CCCCCCC(C)CC(C)C,402.02026,9.408748796698438
1068,COCCC=O,359.5745,10.357473837021837
1069,CCOCCC=O,376.08932,10.530871013641184
1070,CCCOCCO,380.93097,10.119669179468833
1071,CCCCCC#CC,365.76285,10.077825030548258
1072,CC#CC#CC,368.4953,10.450965091088111
1073,CCCCCCC(C)CCC,392.27768,9.405491480341697
1074,CCCCCOC(=O)C(=C)C,389.97073,9.407539030389565
1075,CCC1=C(C=CC=C1C)C,409.0897,10.115008543843743
1076,CCCCCCC(C)C(C)C,390.02026,9.390090329182096
1077,CC(=O)C1(CCCCC1)C,411.5944,10.12769461276924
1078,CC(C)C1=CC(=C(C=C1)O)C(C)C,452.9411,9.455833946146964
1079,CCCCCCCC(C)CCC,412.27768,9.386052797202735
1080,CCOC(=O)C(C)OC(=O)C,372.16885,8.58099644028732
1081,CCCCCOC(=O)C=C,375.09946,9.401633704084453
1082,COO,277.85178,7.846503400371212
1083,CCOO,300.9212,8.185617314290962
1084,C=CC1CC2CC1C=C2,367.67355,10.137846338612063
1085,C1C=CCC2C1CC=C2,352.812,8.909081373504183
1086,CC(C)C(C)(C(C)C)O,377.149,9.83310138475819
1087,CC1CCCC(C1)(C)C,363.5944,10.15195052146602
1088,CCCC1=CCCC1,370.5745,10.50400834886209
1089,CCCCC(C)C(C)C,367.0698,10.097744604258722
1090,CCC(CC)CC(C)C,361.19852,10.100751075365663
1091,CCCC(C)(CC)CC,366.9411,10.111266156075498
1092,CCC(C)C(CC)CC,367.0698,10.102026418941605
1093,C1CC(CCC1N)N,422.20825,10.158913117422667
1094,C#CC#CC#C,257.35648,7.534677900497774
1095,C1=CC=C(C=C1)CN=C=O,359.13885,7.251775703980799
1096,CC(C)(C)C1CCCCC1,395.7726,10.162950579317354
1097,CCCC(CCC)CCC,383.37674,10.103912314086791
1098,CCC(C(C)(C)C)C(C)(C)C,453.0,11.5227716698645
1099,CCCCC1=CC=CC=C1O,442.11932,9.676201352357928
1100,CCCCCCC(C)C,370.0698,10.095752992106876
1101,C1CC[C@@H]2CCC[C@H]2C1,412.4064,10.95331098563068
1102,C1CCCCC(=O)CCC1,367.85178,7.61122737258755
1103,CCCCCC(C=C)O,414.13885,10.452297255531988
1104,CC(CO)C(=O)C,417.28745,10.073261548913914
1105,CCCC(C)C=C,316.09946,10.08509581906351
1106,CCC(=C)C=C,348.0,11.519662213890786
1107,CCC(C)C(=C)CC,341.58463,10.084528750872412
1108,CCCC(=C)CC,324.84204,10.092168520121096
1109,CCC(C)C(=C)C,316.6638,10.095024757810503
1110,CCC(C)(C)C=C,310.7925,10.09084572363097
1111,CCCC(C)(C)C=C,334.27768,10.081139370149666
1112,CC(C)CC=C(C)C,342.58463,10.093320281658208
1113,CCC(=C)CC(C)C,340.149,10.10074699608526
1114,CCCCCCCC#C,389.01013,10.480475435411972
1115,C(CC#N)C=O,375.87167,9.190462517504354
1116,CC(C)CCC(C)(C)C,350.0698,10.03335702460735
1117,CC(C)CCC=C,347.85178,11.193239605834046
1118,CCC(=C)C(=O)O,399.56473,9.686918312170793
1119,CCC(C)/C=C\C,318.5351,10.10092648783099
1120,CCC(C)/C=C/C,319.5351,10.098435653458944
1121,C=CCCCCC=C,357.35687,10.485825387579018
1122,CCCCCC1CCCC1,402.86194,10.077651190320896
1123,CC(=C)CC(=O)C,346.3865,9.898658375220814
1124,CC(C)COC(=O)CCC(=O)C,409.8818,8.5915119200173
1125,CCC(C)CC=C,318.5351,10.086638139648418
1126,COCCC(=O)OC,358.74298,9.572096380960133
1127,CC(=C)C(=O)NC,413.9411,9.094130188884193
1128,C=COCCCCOC=C,379.61426,9.408397085159663
1129,CC/C=C(\C)/CC,324.97073,10.096023283524811
1130,CC1=CC(=C(C=C1C)C=C)C,404.27768,8.917110169676095
1131,CCCCCCC1(CCCCC1)O,428.35687,8.977528686976637
1132,CC[C@@H](CC1=CC=CC=C1)CO,370.4259,5.272926384202016
1133,CC(C)CC(C(C)(C)C)O,375.43604,9.34763314827153
1134,CC(C)(C)C1=CC=NC=C1,292.1486,3.7707758639247615
1135,CCC1=C(C=C(C=C1C)C)C,408.04993,9.32605662290466
1136,CCCCC(C)(C)CC,363.50546,10.100703255993851
1137,CCCC(C)(C)CC(C)C,376.24805,10.103190613243347
1138,CC(C)CCC(C)C(C)C,380.8124,10.085791754797917
1139,CCCCC(C)CC(C)C,381.37674,10.088034477711796
1140,CCC(CC)C=C,316.6638,10.100775312595522
1141,CCC/C=C/C,301.9212,10.099431216426778
1142,CC(C)COC(=O)[C@@H]([C@H](C(=O)OCC(C)C)O)O,480.61465,8.549273384498756
1143,C[C@H]1CC(=O)OC1=O,419.54523,8.535912826513993
1144,COC(=O)CCC#N,344.97073,8.484365498205475
1145,CCCCCC(C)(C)CC,385.6837,10.101540253629176
1146,CC1=NN(N=N1)C,340.26755,8.16567346005638
1147,CCCC(C)(C(C)C)O,376.43604,9.602642933251907
1148,CC(C)CC1=CC=CC=C1O,416.8818,8.448608914783929
1149,CCCOC(=O)[C@H]([C@@H](C(=O)OCCC)O)O,470.46606,8.50601810819473
1150,CCCCOC(=O)CCOC,362.20825,7.677638743590695
1151,CCCC(C(C)(C)C)O,370.48557,9.632483394623177
1152,CCC(C)(CC(C)C)O,369.3073,9.623753375541552
1153,CCC(=O)OO,325.27768,8.778115937946056
1154,CCC1=CC(=C(C=C1)C(C)(C)C)O,465.09946,9.725694113945698
1155,CC(CO)O,415.84204,9.939449044817081
1156,CCN(CC)N(CC)CC,341.60413,9.051481873217925
1157,C1C2CC3C1C3C2,317.24765,9.493401070759402
1158,CCCCCCC1=CCCC1,437.05966,10.504919226275819
1159,CCCCCCC1CCCCC1,443.0897,10.088667391238765
1160,CCCCCC1CCCCC1,423.91147,10.105797259014848
1161,CCC1=CC(=CC(=C1)O)O,438.93097,6.863397283302007
1162,CC(C)COCCO,382.33698,9.824335946891159
1163,CCCCCCC1CCCC1,424.04016,10.096086410155229
1164,CCC(CC)COCCO,370.1096,7.891576972459568
1165,CC[C@@H](C#N)O,387.18875,9.013316363409366
1166,C1C(=O)OC(=O)CO1,435.6837,9.123281754569316
1167,CCCC(=CCC)CCC,349.99023,8.658170849648316
1168,CC1=C[C@H]2[C@H](C2(C)C)CC1,326.54486,7.346608283646598
1169,CC(C)(C)COC(=O)C=C,311.58423,7.22846226413029
1170,CC(CO)C=C,351.5152,9.491773560892845
1171,CN(C=C)N=O,293.91107,6.86235262672734
1172,C1CC[C@H]2CCC[C@H]2C1,407.69345,10.633464545117604
1173,CC1CCC(CC1=O)C(=C)C,396.67395,8.582917828855416
1174,CCCCCCC(=C)C,418.0,11.531178381428573
1175,CNC1=CC=CC=N1,314.5347,4.749006338859569
1176,C[C@]12CC[C@H](C1)C(C2=O)(C)C,372.01053,8.556661860784784
1177,CC(C)CCCC(C)O,393.43604,9.743272614834618
1178,CCCCCCCN=C=O,384.8124,8.77423222762959
1179,CCCC(C=C)O,377.52496,10.456921399811666
1180,CCC1CCC1,344.0,11.533514694834436
1181,CCCCC(C)C=C,340.58463,10.095256931710642
1182,CC1=CC2CCC1CC2,379.99023,10.238668936573951
1183,CC1(CCC2=CC=CC=C21)C,417.33698,10.171343952535953
1184,CC/C=C(/C)\CC,326.97073,10.101354929058733
1185,C/C=C(/C)\C(C)C,320.97073,10.098557119238384
1186,C/C=C(\C)/C(C)C,322.4064,10.079785593866037
1187,CC[C@H]1CCCC[C@H]1C,380.6837,10.095861763897696
1188,CC[C@H]1CCCC[C@@H]1C,376.8124,10.096641551818825
1189,CC[C@H]1CCC[C@@H](C1)C,376.8124,10.099557875748715
1190,CCC1CCC(CC1)C,378.6837,10.090753808947536
1191,CCC1(CCCCC1)C,375.42627,10.107088562139355
1192,CC1=NON=C1C,385.2379,10.00293164822668
1193,CC(C)CCCC=C,342.58463,10.099938307777137
1194,COC(=O)[C@H]([C@@H](C(=O)OC)O)O,452.54523,8.467865221871458
1195,CCCCCC1CO1,352.04993,9.344870139558143
1196,CCC(C)(C)C(C)(C)CC,391.60452,10.103209925955737
1197,C/C=C/C=C/C,312.2773,9.988390937666875
1198,C=CC=NO,336.9805,8.437043854741036
1199,CCC(=O)CC(=O)C1=CC=CC=C1,448.98087,8.496807500411077
1200,COCCCN,295.4259,7.390457946902185
1201,CCOC(=O)C(CCC(C)C)C(=O)OCC,394.1685,6.9445660738711545
1202,CCCCC1(CCCCC1)O,413.84204,9.355181334198438
1203,C[C@@H](CC1=CC=CC=C1)C=O,327.85178,4.55203815843678
1204,CCCCCCCC(=O)OC(C)C,401.50507,8.793905567909569
1205,CCOC1=CC=C(C=C1)C=C,407.13922,8.485261568391527
1206,CCCOC(=O)N,387.29758,8.423285726655248
1207,CCCCC(C)(CC)O,383.0004,9.795568580206861
1208,C1CC2CCCC2C1,307.58423,7.64783924286936
1209,CCCCCCCC1CCCC1,443.2184,10.08926792206191
1210,CN(C)OC,239.00038,8.476153088401604
1211,CC(C(C)O)C(C)O,392.39624,8.049597495434194
1212,COC1=NCCCC1,311.60413,7.371395589780732
1213,CC1CCCCC1OC(=O)C,389.4064,9.419807895833774
1214,[2H]N([2H])CC,246.1092,9.307701271517878
1215,CC(C)C(=O)C(C)(C)C,339.71332,8.406022034605776
1216,CC(C)(C)C(C)(C(C)(C)C)O,397.45593,9.609072115660682
1217,CCCCCCCOC(=O)CCC,433.6638,9.428283401920053
1218,CCCCCC(CC)CC,390.6837,10.089483494968091
1219,CCCCCCC(C)CC,392.6837,10.10654140151296
1220,CCCCCC(CC)CCC,457.0,11.522602200529388
1221,CCCCCC(CCC)O,432.44577,10.471403699946865
1222,CCCC(C)O,355.43604,10.05413190130557
1223,CCCCC(=C)C,323.4064,10.10252971164491
1224,CC1C(NC(C(N1)C)C)C,403.0004,10.047357193577538
1225,CC(C)OCC=C,297.1291,9.40492461111599
1226,CC(C)(C)OC(C)(C)C,329.5152,9.82336057647754
1227,CCCCCCCCCCC(=O)C,464.3471,9.949627469831489
1228,CCC(C)(CC)C=C,341.58463,10.100990201864459
1229,CCC1CCC(CC1)C,367.9411,10.086387190660732
1230,CCCCCC(=O)N(CC)CC,361.60452,6.152746774657897
1231,CC(C(=O)OC)OC(=O)C,384.04993,9.489603629906775
1232,COCC(=O)OC,351.46567,9.7233330054946
1233,CCCCCOC(=O)C(C)O,392.0897,8.63599834139364
1234,CCCCCOCC1=CC=CC=C1,405.773,8.55391544173519
1235,CCCCC(C)(C)CCCC,450.0,11.522620100599456
1236,CCCCCC/C=C\C,399.03976,10.820344539543525
1237,CCCCCC/C=C/C,397.73285,10.7969541696446
1238,CCCC/C=C\C,328.71332,10.097171155942124
1239,CC1(CC2(CC1CC2=O)C)C,409.35687,9.700286590992064
1240,C=C[C@@H]1CC[C@H]1C=C,367.37637,11.015593806845837
1241,CC(=C)C(=O)NC(C)(C)C,409.29718,9.694192289623723
1242,CC(C)C(C)CCO,402.4259,10.300908664885313
1243,CO[As](OC)OC,315.24765,8.068855821648661
1244,CC1=C2CCCC2=C(C=C1)C,435.5745,9.765162796933728
1245,C#CC1CC1,303.63376,10.71063756722899
1246,CC(=O)C1=CC(=CC=C1)C(=O)C,390.91107,6.8901170176252435
1247,CCCCCCCCC#CCC,464.78238,10.815458704924895
1248,C1CCC(CC1)N2CCCC2=O,510.95123,10.428817932182303
1249,C[C@@H]1CCCC[C@H]1C,350.0698,10.096510699177633
1250,CC(=C)C1C=CCCC1(C)C=C,372.39624,8.316638015234316
1251,CC(C)CCC(=C)C,341.149,10.09662073738971
1252,CCCCCCCCC(C)C,389.63416,9.305945468042296
1253,CCCCCC#CCCCCC,462.3467,10.798043717040745
1254,C[C@H]([C@@H](C)O)O,411.22815,9.944831872000833
1255,CCCCCCCCCC(C)C,411.3272,9.383768415717217
1256,CCC(C)C1CCCCC1,403.20825,10.15782611367375
1257,CC1CCCCC1(C)C,369.99063,10.12150325363105
1258,CC1CCC(CC1)(C)C,360.24805,10.121092322713254
1259,CC(C)(C)CCC=C,332.84204,10.074224891620782
1260,CCCC(=C(C)C)C,349.76285,10.095163729169212
1261,CCCCCC(C)C(C)C,388.6837,10.097464346028126
1262,CC(C)CC#C,296.04993,10.093123421627645
1263,CCC(C)(C)C(C)(C)C,365.24805,10.093967808710367
1264,CCC(C)CC(C)(C)CC,380.11932,10.099520518466653
1265,CCCCCCCCC/C=C/C,460.78238,10.810993063187441
1266,CCCCCCC/C=C/CCC,458.3467,10.807953958515995
1267,CCCCCC/C=C/CCCC,458.3467,10.807576075021029
1268,CCCCC/C=C/CCCCC,458.78238,10.822108815070504
1269,CCCCCCCCC/C=C\C,461.78238,10.817010580122009
1270,CCCCCCC/C=C\CCC,457.78238,10.801682057270135
1271,CCCCC/C=C\CCCCC,457.78238,10.820283984835434
1272,CCC(C)CCCCO,405.61426,9.794115026285887
1273,CCCCCCC(C)ON=O,323.89117,6.9781705727611545
1274,CCC(C)C(CC)C(C)C,384.11932,10.098892147419816
1275,CCCCCCCC/C=C\CC,458.78238,10.804757663677819
1276,CCCCCCCCCCOC,397.19852,8.648759922625985
1277,CCC(C)(C(C)(C)C)O,373.48557,9.786199341459573
1278,CCCCCCCCCCCN,465.9013,10.271553591533172
1279,C/C=C\CC=C,338.0,11.521520051060072
1280,C/C=C/CC=C,247.00038,7.3509614365539235
1281,CC1=C2C=CCC2=CC=C1,482.0,11.521250471825613
1282,CCN(CC)COCC,342.67355,9.470325370582822
1283,CCC(=C)C(C)C,318.5351,10.107006723546592
1284,CC1=C2CC=CC2=CC=C1,482.0,11.521250471825613
1285,CCCCCCCCN(C)C,434.60452,10.617087719077665
1286,CCCC(=O)C(C)C,372.4953,10.411271867101254
1287,CC(C)C(C)C=C,313.6638,10.093135203166613
1288,C/C=C/CC(C)C,319.97073,10.097273698005855
1289,CC1=CC=CC=C1C(=C)C,445.0,11.517703415408972
1290,CC1CC(=C1)C,279.76248,9.541465122758352
1291,CCC(=C=C)C,343.0,11.5216880825
1292,CCCCCCOCCC(=O)OC,395.27768,7.948262429149686
1293,CC(C)CC(C)C=C,334.27768,10.081139370149666
1294,CCCC/C=C/CCCC,418.03976,10.818203556575067
1295,CCCC/C=C\CCCC,417.47543,10.812206630395693
1296,CC1=CC2=C(CC=C2)C=C1,480.0,11.521238118767124
1297,CC(=CCCC(C)(C=C)OC=O)C,392.7531,8.527358763861724
1298,CCC1=CC(=CC=C1)C=C,394.149,9.448380990948387
1299,CCC1=CC=CC=C1C=C,410.7726,10.113738769406586
1300,CCCCC/C=C\C,375.1685,10.82105768852199
1301,CC/C=C\CC,300.35687,10.092385749575808
1302,CCC/C=C\CC,326.27768,10.090247365123037
1303,CCC/C=C\CCC,371.29718,10.796154340821397
1304,C[C@@H]1CCC[C@H](C1C)C,371.60452,10.064669596689674
1305,C[C@H]1CC[C@@H]([C@@H](C1)C)C,369.16885,10.070025044178106
1306,C[C@@H]1CC[C@@H]([C@H](C1)C)C,366.73322,10.075522700151252
1307,C[C@H]1CC[C@@H]([C@H](C1)C)C,363.29758,10.071912101757885
1308,CCC/C=C\C,302.35687,10.082019723667253
1309,CC1CCC(CC1=O)C(=C)C,396.1096,8.557157213325715
1310,CC1CCC(C(C1)O)C(=C)C,400.3471,8.913624105735103
1311,CCCCCC(CCC)CO,421.58463,9.315279626674908
1312,CCC(C)C(C)CO,383.46567,9.437976453776969
1313,CC(=O)C(C)(C)OC(=O)C,355.84164,8.288252891491805
1314,CCCC/C=C\CCC,384.88144,10.477724828428318
1315,CCCC/C=C/CCC,385.01013,10.46296653457137
1316,C=CC=CC#C,254.78236,6.811106709768842
1317,CC1=CCC(CC1)C(C)(C)O,414.9411,9.211252262524987
1318,CCCCCOC(=O)CCOC,380.9212,7.92958213362602
1319,C1=CC=C(C=C1)CCCCCO,389.86154,5.925264830755662
1320,CCOC(=O)/C=C/C,384.31708,10.514200407518539
1321,CC(C)/C=C\C(C)C,333.35687,10.224458579751609
1322,CCC/C(=C\C)/C,327.71332,10.096324499285842
1323,CCC(=C(C)C)C,327.71332,10.091693834433036
1324,CC(C(C)O)C(C)(C)C,379.3865,9.59685156046734
1325,CCN(C)N=O,298.26755,5.3348091663467265
1326,C[C@@H]1CCOC=C1,341.9013,9.827605804099049
1327,CCCC(=O)OO,325.27768,8.405521820062216
1328,CCCCC(C)CCCC(C)C,471.0,11.522715577265858
1329,CCC(C)CCC=C,342.58463,10.09667716583889
1330,CCCC(C)CC=C,342.02026,10.091070402436666
1331,C/C=C\CC(C)C,320.97073,10.090059529998353
1332,CCCCCCCC(C)CC,394.02026,9.399634463633593
1333,CCCCCC(C)CCCC,387.35687,9.275524993831395
1334,CCN(CC)CCCC=C,378.07956,10.02062871070496
1335,CCCC(C)CCO,395.07956,9.55735983840303
1336,CC/C=C/CC,300.9212,10.08238273456404
1337,CC(C)(C)CC#C,309.22815,10.10774428097671
1338,CCCCC/C=C/C,375.1685,10.83892874660479
1339,CCC(C)C(C(C)C)O,383.5152,9.921933117975394
1340,CC1=CC[C@@H]2[C@H](C1)C2(C)C,398.15872,10.203167812783432
1341,CCC(CC)CCC(C)C,384.24805,10.088700509140455
1342,CC(C)C(C(C)C)C(C)C,380.555,10.090682028717753
1343,CCCC(C)(C)C(C)(C)C,383.42627,10.096092033128599
1344,CCC/C(=C/CC)/C,349.76285,10.089485922343053
1345,C1CCC[C@H]2C[C@H]2CC1,337.95087,8.069521693566177
1346,CCOC(=O)[C@H]([C@@H](C(=O)OCC)O)O,452.54523,8.472303416873762
1347,CCC(C)N,315.24765,10.77896251928205
1348,CC/C=C/C(=O)O,419.56473,9.656799144093453
1349,CCCCCCOC(=O)CCOCC,434.86194,9.077580704525568
1350,CCC(C)C=C(C)C,340.149,10.090879646839
1351,CCC/C(=C\CC)/C,349.76285,10.089485922343053
1352,CC/C=C\C=C,346.0,11.52158911652921
1353,COC(CCC#N)OC,360.48557,9.732903322454678
1354,CCCCC(CC)C(C)C,385.6837,10.09837789484544
1355,CCCC/C=C/C,328.27768,10.095452003425427
1356,CCC/C=C/CC,326.27768,10.092937677290848
1357,CCCC(C)CC(C)(C)C,374.37674,10.108695968273162
1358,CC(CC(C)(C)C)C(C)(C)C,439.0,11.522681677854314
1359,CCCC/C=C\CC,350.76285,10.097757011351044
1360,CCC/C=C/CCC,371.73285,10.8130949958628
1361,CCCC/C=C/CC,372.86154,10.818579656248048
1362,CCCCCC1=CC=C(C=C1)O,455.02026,9.424021048515357
1363,CCCC(C)C(CC)O,372.48557,9.671912403130435
1364,CCCCC#CCC,361.45593,10.072432760543627
1365,CC(C)CN=C=O,373.8713,11.48788748855018
1366,C[C@@H]1CC[C@@H]1C,341.0,11.52167189749164
1367,C[C@@H]1CC[C@H]1C,333.0,11.521588646151201
1368,CC/C=C\C(C)C,318.09946,10.094029805247336
1369,CCCCC(CC)CC,370.0698,10.099565717287682
1370,CCCCC(C)CCCC,389.6837,10.09128903038463
1371,CCCCC(CC)CCC,387.6837,10.07980575167231
1372,CCCCCCC(C)(C)C,382.37674,10.099371505345523
1373,CCCC(C)CCC(C)C,383.8124,10.10193212621115
1374,CCCCC(C)C(C)CC,387.6837,10.095136865088854
1375,CCCC(C)CC(C)CC,384.24805,10.096391139140454
1376,CCC(C)CCC(C)CC,385.24805,10.078696487971149
1377,CCCCC(C)(C)CCC,382.24805,10.097255240467728
1378,CCCC(C)C(C)CCC,386.6837,10.102783964940054
1379,CCCCCC(=C)C,347.89157,10.10687824573777
1380,CCCC(=C)CCC,346.45593,10.101761660855907
1381,CC(C)C(C)CC=C,339.149,10.10531586419492
1382,C1CC[C@@H]2CCC[C@@H]2CC1,331.15872,6.669550573697469
1383,CC(CC(C)(C)C)CO,392.95087,9.75519818817509
1384,CCN(C(C)C)N=O,306.54486,5.032473216449759
1385,C(#CC#N)C#CC#N,353.63376,9.84963107294934
1386,CC1CCC=C1C,338.3471,10.337536725380964
1387,C1CC[C@@H]2C[C@@H]2CC1,312.24765,7.757015451596345
1388,C1C=CCC2C1C2,355.65366,10.482525781102746
1389,CCCC1(CCCC1)C,419.0,11.522392291331446
1390,CC/C=C\C(=O)O,403.43604,9.666531067798294
1391,CCC(C)C(C)C=C,341.58463,10.100990201864459
1392,CCC(CC)CC=C,342.02026,10.085429072436666
1393,CCCC(C)C(=C)C,340.149,10.094476925672375
1394,CCC(C)CC(=C)C,340.58463,10.08813541447546
1395,CCCC(C)C(C)(C)C,358.24805,10.04263259540349
1396,CCC(C)CC(C)(C)C,351.37674,10.017592049174267
1397,CCCC(C)(C)C(C)C,363.37674,10.097148746861244
1398,CCC(C)(C)CC(C)C,357.0698,10.092416850083934
1399,CCC(C)C(C)(C)CC,373.6837,10.095881781233459
1400,CCC(CC)C(C)(C)C,359.9411,10.096682279537164
1401,CCC(C)(CC)C(C)C,369.8124,10.086778309607297
1402,CC(C)C(C)(C)C(C)C,366.8124,10.103272909504577
1403,CC(C)C(C)CC(C)(C)C,372.8124,10.090822094803043
1404,CC(C)C(C)(C)C(C)(C)C,388.16885,10.11293493013356
1405,CC(C(C)(C)C)C(C)(C)C,381.73322,10.11589742917994
1406,CCC1(CCCC1)C,349.19852,10.105475568907266
1407,C=CC(=O)OO,356.73322,8.505529237227277
1408,CCCC(CC)C(C)C,364.63416,10.090400380425885
1409,CCC=C(CC)CC,344.45593,10.081344712026088
1410,C[C@H]1CC(C[C@@H]1C)C,337.89157,10.095368643177821
1411,CCCCOCC(C)C,361.9805,10.165239888840016
1412,CCCCCCCC(CC)CC,482.0,11.529461923457848
1413,CCCCCC(C)CCC,390.24805,10.09290347656327
1414,CCCCC(C)(CC)CC,387.555,10.101240625456963
1415,CCCC(CC)(CC)CC,389.42627,10.097213415116471
1416,CCCC(C)(CC)CCC,384.555,10.08766872862571
1417,CCCCCCC(CC)CC,461.0,11.5226089875518
1418,CCCCC(CC)CCCC,456.0,11.522608388957032
1419,CCCCC(CCC)CCC,453.0,11.524217111511302
1420,CCCCCCC(C)(C)CC,455.0,11.522693141967657
1421,CCCCCC(C)(CC)CC,459.0,11.529517306063829
1422,CCCCC(CC)(CC)CC,460.0,11.52497566
1423,CCCCCC(C)(C)CCC,451.0,11.5226532313079
1424,CCCCC(C)(CC)CCC,453.0,11.522661720704606
1425,CCCC(C)(CCC)CCC,451.0,11.52262883896205
1426,CCCC(CC)(CC)CCC,456.0,11.515866567196767
1427,CCCCCC(C)C(C)CC,458.0,11.522613557005347
1428,CCCCC(C)C(C)CCC,455.0,11.522632690188681
1429,CCCCCC(C)CC(C)C,385.97073,9.417485923680982
1430,CCCCC(C)CC(C)CC,453.0,11.522611794336044
1431,CCCC(C)CC(C)CCC,452.0,11.522613338152174
1432,CCCCC(C)CCC(C)C,452.0,11.522613338152174
1433,CCCC(C)CCCC(C)C,452.0,11.522613338152174
1434,CCC(C)CCCCC(C)C,456.0,11.522631723333333
1435,CC(C)CCCCCC(C)C,456.0,11.522631723333333
1436,CCCC(C)CCC(C)CC,455.0,11.522632690188681
1437,CCC(C)CCCC(C)CC,457.0,11.522653612305628
1438,CCCCCC(CC)CCCC,475.0,11.522717292694557
1439,CCCCCCCCC(C)(C)C,474.0,11.522771703458382
1440,CCCCCCCC(C)(C)CC,476.0,11.52279152551769
1441,CCCCCC(CC)(CC)CC,478.0,11.522792167118734
1442,CCCCCCC(C)(C)CCC,472.0,11.522734756407209
1443,CCCCC(CC)(CC)CCC,473.0,11.522748499298682
1444,CCCCCCCC(C)C(C)C,408.89157,9.40230913303825
1445,CCCCCCC(C)C(C)CC,478.0,11.522750994916635
1446,CCCCCC(C)C(C)CCC,475.0,11.522745887601664
1447,CCCCCC(C)CC(C)CC,473.0,11.522733312354708
1448,CCCCC(C)CC(C)CCC,471.0,11.522674429236613
1449,CCCCCC(C)CCC(C)C,471.0,11.522715577265858
1450,CCCC(C)CCCCC(C)C,475.0,11.522745887601664
1451,CCC(C)CCCCCC(C)C,477.0,11.52275481058679
1452,CCCCC(C)CCC(C)CC,474.0,11.522728452559596
1453,CCCC(C)CCCC(C)CC,475.0,11.522745887601664
1454,CCC(C)CCCCC(C)CC,478.0,11.522750994916635
1455,CCCC(C)CCC(C)CCC,472.0,11.522695163778243
1456,CC1(CC(=O)OC1=O)C,402.83228,8.474942177410707
1457,CCCCCC(C)(C)CCCC,470.0,11.522747237704834
1458,CCC1=C(C=C(C(=C1)C)C)C,411.84204,9.398010208761756
1459,CCC(=C)C(C)(C)C,339.58463,10.089474534620594
1460,CNC1=CN=CC=C1,326.06943,4.367717248440716
1461,CC[C@@H]1CC[C@H]([C@@H]1C)C,418.0,11.52250643328612
1462,CCCCC(C(C)C)O,388.87167,9.788653443492972
1463,CCC(C)CC(CC)O,372.04993,9.779133865359851
1464,CC1CCC(C1)O,359.63416,9.28362818871367
1465,CC1(CCC1)C,329.0,11.521438372160278
1466,CCCCC(C)CC(C)(C)C,445.0,11.534193985458971
1467,C[C@@H]1CC[C@@H](C1(C)C)C,411.0,11.522438591613833
1468,C[C@H]1CC[C@H]2[C@@H](C1)C2(C)C,392.9805,10.13413594232318
1469,CC1CCC2C(C1)C2(C)C,392.9805,10.153185758558703
1470,CC1(CC=CC1)C,332.45593,10.601512223926399
1471,CCCCCC/C=C/CC,418.47543,10.80919622230201
1472,CCC(C)(C)CCO,392.03003,9.754621115122262
1473,CCCC(C)CC=O,359.43604,9.632199665085148
1474,CCOC1CC(CCC1C(C)C)C,409.11932,9.332981991200985
1475,CCCC(C#N)N(CC)CC,301.73285,1.1718698538316445
1476,CCC(CC)C(CC)CC,387.555,10.095598098754978
1477,CCCCCC/C=C\CC,418.47543,10.81577050271087
1478,CCCCC/C=C\CCC,417.47543,10.805756497526831
1479,CCCCC/C=C/CCC,418.47543,10.828045463063624
1480,CCCCCCC#CC,398.88144,10.476209111107108
1481,CC[C@H]1CCC[C@H](C1)C,398.97073,10.9081330221799
1482,CCCC(C)C(C)(C)O,382.95087,9.59501528341628
1483,CCC(C)C(C)(CC)O,373.3865,9.600127931330583
1484,CCC(C(C)(C)CC)O,378.0004,9.600114680347565
1485,CC(C)C(C)CO,380.22815,9.979690002407944
1486,CC1CC=C(C1)C,333.99063,10.494157488509618
1487,CCC(C)/C(=C\C)/C,344.45593,10.081344712026088
1488,CCC(C)(C)/C=C/C,336.27768,10.092853351056498
1489,CC/C(=C(/C)\CC)/C,349.76285,10.089485922343053
1490,CC/C(=C(\C)/CC)/C,349.76285,10.089485922343053
1491,C/1CC2C(O2)CC/C=C1,371.5546,8.624963346114777
1492,CCCCCCC#CCCCC,462.3467,10.792125549277802
1493,CCC(CC)C(CC)O,391.46567,9.929946946477951
1494,CCC(CC)C(=C)C,338.02026,10.084679013118734
1495,CCCCCC(C)(C(C)C)O,394.27768,9.278582196558354
1496,CCC(C)(C)C(C)O,376.72308,10.135109251753155
1497,CCC(CC)/C=C/C,342.02026,10.085429072436666
1498,CC[C@H]1C[C@H]1C,340.0,11.521300049191918
1499,CCC1CC1C,332.0,11.531932706608995
1500,CC1CC=C(C(=O)C1C)C,417.61426,10.08461658550806
1501,CCCCC/C=C/CC,395.73285,10.790925461496796
1502,CCCCCCCC=CC,420.03976,10.79919501857838
1503,C/C=C(/C)\C#N,329.4758,8.615293827351069
1504,CCCCCC#CCC,395.01013,10.49076499267096
1505,CCCCC#CCCC,393.44577,10.481833272888029
1506,CCC(C)C#CC,330.27768,10.093711794187511
1507,CC1=CC2=C(C=CC2)C=C1,480.0,11.521238118767124
1508,CC/C=C/C=C,308.1486,10.189943154247343
1509,CCCCC/C=C\CC,396.1685,10.815964138158945
1510,CCC(C)C(C)CC(C)C,381.24805,10.097052334623564
1511,CCC(C)CC(C)C(C)C,384.555,10.096191045081394
1512,CCCC(C)C(C)(C)CC,385.555,10.097643962844984
1513,CCCC(C)(C)C(C)CC,384.555,10.090609018413934
1514,CCC(C)C(C)C(C)CC,386.555,10.104710037150477
1515,CCCCCOC(=O)CCC(=O)C,429.367,8.610917391783005
1516,CCCC(CC)C(C)(C)C,380.11932,10.088965858664826
1517,CCC(C)CCC(C)(C)C,376.37674,10.101242753561985
1518,CCCCCCC/C=C\C,421.03976,10.808499322612278
1519,CCC/C=C\C(C)C,341.58463,10.100990201864459
1520,CCC/C(=C/C)/C,325.84204,10.092168841559708
1521,CCCCNCC(C)C,360.9212,9.548678392939696
1522,CCCCCCCC1(CCCC1)O,450.76285,9.463295248792383
1523,CCC(CC)C#C,316.6638,10.093287234255161
1524,CC#CC(C)C,306.7925,10.105672797350499
1525,CCC(C)NCC,296.06943,8.558728976369313
1526,CC(C)O[Ge](OC(C)C)(OC(C)C)OC(C)C,373.99063,7.987056664591689
1527,C[C@H]1[C@@H](O1)C,312.5944,10.995475983569138
1528,CCCC(CC(C)C)O,389.3073,9.833692350403503
1529,CC(C)OC(=O)CCC(=O)C,390.70358,8.55955331622082
1530,CCCCC1CCC=C1,388.31708,10.464765222162354
1531,CCC1=CC=C(C=C1)CCO,478.9805,10.347234957340252
1532,CCC/C=C(/C)\CC,349.3272,10.10458144458455
1533,CCC/C=C(\C)/CC,349.3272,10.10458144458455
1534,CCCCOCC(C)OCC(C)O,408.01053,8.521566291544044
1535,CC(C)(CC=C)C=C,326.9805,9.976532709880308
1536,CCCCCC(C(=O)C)C(=O)OCC,327.85178,3.7931484670296207
1537,CCCCCCOC(=O)CCC(=O)C,440.1096,8.550537991769563
1538,CCC(C)C/C=C/C,346.45593,10.092694140554174
1539,CCOC(=O)CCC(C)C,349.3471,8.571929507570307
1540,C1=CC(=CC(=C1)O)/C=C/C(=O)O,452.54523,8.446103630087642
1541,C1CC=COC1,410.71332,12.88017721542779
1542,CC(=CCC(C(=C)C)C(=O)C)C,402.50507,9.290229650401974
1543,CN=N,212.86154,8.025267907262053
1544,CC(C)(CC1CCCCC1)O,403.45554,8.966385862930654
1545,CCC1=C(C=C(C=C1O)C)O,416.31708,6.574470581852417
1546,CCCC(CC)CO,401.73285,10.309755125808246
1547,C1CC[C@H]2CC[C@H]2C1,319.3467,8.212929399542844
1548,CC=C1C[C@@H]2C[C@H]1C=C2,375.4953,10.177066241427717
1549,C/C=C\1/CC2CC1C=C2,377.05966,10.191067875537401
1550,CCCCC1=CC(=CC=C1)O,440.44617,9.089908264839137
1551,CC(=CCC[C@](C)(C#C)O)C,402.1092,9.3572054577244
1552,CC[C@@H](C(=O)OC)O,356.1291,9.605086235226203
1553,CCCCC(C)C(C)O,383.48557,9.73518447097159
1554,CC1CCC(=O)OC1=O,448.33734,8.50441934972272
1555,CCC(CO)C(C)C,367.88144,8.95131951581002
1556,C1CC(=O)C1=O,309.08932,5.369279681917337
1557,C/C=C\CC(=O)O,397.43604,9.661036212660415
1558,CCCC1CCC=C1,365.13885,10.49718710018169
1559,CC1C(=O)OC(=O)C1(C)C,404.1096,8.58134262634769
1560,CC(C)CC(CC(C)C)C(C)C,456.0,11.521080679365078
1561,CCC#CC(C)C,326.4064,10.092530853793352
1562,CCC/C(=C\C)/CC,349.3272,10.10458144458455
1563,CC/C(=C\C(C)C)/C,339.149,10.104553444865308
1564,C/C(=C/C#N)/C#N,426.80225,8.701888335011548
1565,CCCCCCC1CCC=C1,433.4953,10.5034741581242
1566,C1C=CCC2C1CC=C2,387.80225,10.19504061603787
1567,CCC(C)CCCCCO,363.406,7.448761820292667
1568,CC1OCOO1,271.0199,7.9098593428369135
1569,CCCCNC(C)C,355.4953,10.213360278244998
1570,CC1CCC=C1,316.5546,10.79316410480118
1571,C/C=C(\C)/C(C)(C)C,341.58463,10.100990201864459
1572,C/C=C\CC(C)(C)C,336.71332,10.079850376197449
1573,C/C=C(/C)\C(C)(C)C,341.58463,10.099079733691058
1574,C/C=C/CC(C)(C)C,334.27768,10.077443579168852
1575,CC(C)(C)CCCC(C)(C)C,436.0,11.522658165914759
1576,CCCC(C)C#C,317.6638,10.097525766459672
1577,CC/C(=C/C)/C(C)C,344.45593,10.081344712026088
1578,CC/C(=C\C)/C(C)C,343.02026,10.080968147284569
1579,CC1=C(C(=C(C=C1)C(C)(C)C)O)C,461.22815,9.734224829928339
1580,CC/C=C\C(C)CC,341.58463,10.100990201864459
1581,CCC(=O)COC,344.48557,9.358169592084662
1582,CC1(CCC(C1)(C)C)C,391.0,11.523259735592706
1583,C/C=C/CCC(C)C,345.45593,10.087031059534645
1584,CCCCCCCCOC(=O)C(C)O,415.1295,7.838756013512748
1585,CCCC(C(C)C)(C(C)C)O,395.58463,9.407002549691958
1586,CCCC(CCC)(C(C)C)O,396.97073,9.407912876380326
1587,CC(C)C(C(C)C)(C(C)C)O,399.71332,9.552672037834478
1588,CC(C)C/C=C/C(C)O,372.9411,8.433373366312857
1589,CCC(C)(C)CC(C)(C)C,377.42627,10.122182327799251
1590,CCC(=O)CO,335.57486,8.735257935861137
1591,CC(C)C(C)CC(C)C(C)C,448.0,11.522594161280086
1592,CC(C)C(C)C(C)(C)C(C)C,454.0,11.522732767955182
1593,CC1(CCCC1(C)C)C,406.0,11.52241333020528
1594,CCC(C)CC#C,322.5351,10.079548959522239
1595,CCCC(CC)CC(C)C,381.24805,10.093369225489285
1596,CCCC(CC)C(C)CC,386.11932,10.09036873131515
1597,CC[C@@H](C)CC(CC)CC,383.24805,10.094903528744618
1598,CCCC(C)C(CC)CC,387.11932,10.098200717159004
1599,CCCCC(C)C(C)(C)C,382.11932,10.097497143454387
1600,CCCCC(C)(C)C(C)C,384.11932,10.092647163770213
1601,CCCC(C)C(C)C(C)C,384.11932,10.094968200398664
1602,CCC(CC)CC(C)(C)C,372.9411,10.107307350536924
1603,CCCC(C)(CC)C(C)C,386.99063,10.1003341817709
1604,CCC(CC)C(C)C(C)C,384.555,10.087023031704945
1605,CCC(C)(CC)CC(C)C,384.555,10.090609018413934
1606,CCC(CC(C)C)C(C)C,379.24805,10.105466918145313
1607,CCC(CC)C(C)(C)CC,386.42627,10.10446505486421
1608,CCC(C)C(C)(CC)CC,385.42627,10.097497460887823
1609,CCC(C)C(C)C(C)(C)C,381.99063,10.09148844309624
1610,CC(C)CC(C)C(C)(C)C,373.8124,10.093600359653527
1611,CCC(C)C(C)(C)C(C)C,387.86194,10.115042709091952
1612,CC(C)CC(C)(C)C(C)C,377.6837,10.099670213977452
1613,CCC(C)(C)C(C)C(C)C,384.42627,10.09063529424958
1614,CC(C)C(C)C(C)C(C)C,380.6837,10.095510957796158
1615,CCC(CC)(CC)C(C)C,392.29758,10.10820509440056
1616,CCC(C)(CC)C(C)(C)C,391.16885,10.106675304893747
1617,CCC(C(C)C)C(C)(C)C,379.555,10.11239323292035
1618,CCC(C)(C(C)C)C(C)C,391.16885,10.098242545970097
1619,CC#CCC(C)C,332.71332,10.088140896184557
1620,CCC1(CC1)C,330.0,11.528547580627176
1621,C[C@@H]1CC(C[C@@H]1C)(C)C,406.0,11.522432043508772
1622,CCC(=O)CC1=CC=C(C=C1)OC,467.3471,8.969267792725214
1623,CC(=CCC(C)(C)CO)C,344.78238,6.680429010975626
1624,CCC(C)(C)CCCC(C)C,449.0,11.522647568775046
1625,CCC1CCCC1(C)C,411.0,11.522350624104044
1626,CCC(CC)/C=C\C,342.02026,10.085429072436666
1627,CCC(C)CCC(C)O,390.61426,9.765893111954764
1628,CCCC(C)CC(C)O,391.74298,9.767377268088833
1629,CC(C)CC(C(C)C)(C(C)C)O,380.6837,8.624124923952085
1630,CCC(C)C(C)(C)CO,394.69345,9.59507591606231
1631,CC1(CCC=C1)C,332.45593,10.601512223926399
1632,CCCC(CCC)CO,400.3865,9.567912749225776
1633,CC/C=C(/C)\C(C)C,343.02026,10.091160757419422
1634,CCCCCCCCC#CC,425.91147,10.068157510059246
1635,CCCCCCCC#CCC,420.60452,10.06812032292795
1636,CCCC(CCC)C(C)(C)C,447.0,11.522632254725275
1637,CC(C)C(C)(C)CC(C)(C)C,449.0,11.522757276161089
1638,CC(C)(C)C(C)(C)C(C)(C)C,467.0,11.522947469251676
1639,CCC(CC)(CC)C(C)(C)C,462.0,11.522810521724137
1640,CCCCCC(C)CO,392.9212,9.808789179442389
1641,CC(C)CC(C)(CC(C)C)O,388.97073,9.325487457059767
1642,CC(C)C(C)C#C,313.22815,10.107125297985904
1643,CCCCC1OCC=CCO1,327.85178,5.601380474342449
1644,CCC1=C(C=CC(=C1C)C)C,408.42627,9.626360421944394
1645,CC(C)C1(CCCC1)C,421.0,11.522415359859155
1646,C[C@@H]1CCC[C@H]1C(C)C,414.0,11.522435141379312
1647,C[C@H]1CC[C@H](C1)C(C)C,415.0,11.522407425386819
1648,C[C@H]1CC[C@@H](C1)C(C)C,415.0,11.522407425386819
1649,CC/C(=C/C(C)C)/C,337.71332,10.096787111584547
1650,CCCC(=C)C(C)C,341.58463,10.109805523518242
1651,CCC(C=C)C(C)C,337.71332,10.098567252307955
1652,C[C@@H]1CCC[C@@H]1C(C)C,421.0,11.522422819014086
1653,CCCCC(C)(CC)C(C)C,456.0,11.522671337956988
1654,CCCC(CC)C(C)C(C)C,452.0,11.522595320652172
1655,CCC(CC)CC(C)C(C)C,451.0,11.522626355978261
1656,CCCC(C)C(CC)C(C)C,452.0,11.522595320652172
1657,CCCC(C)(CC)CC(C)C,443.0,11.522593760000001
1658,CCC(CC)C(C)CC(C)C,449.0,11.52261154989071
1659,CCC(C)CC(CC)C(C)C,449.0,11.52261154989071
1660,CCC(C)C(CC)CC(C)C,448.0,11.522604843150685
1661,CCC(C)(CC)CCC(C)C,451.0,11.522683924130435
1662,CCC(CCC(C)C)C(C)C,449.0,11.52261154989071
1663,CCC(CC(C)C)CC(C)C,443.0,11.522550268333333
1664,CCCC(CC)C(C)(C)CC,453.0,11.522710206233064
1665,CCC(CC)CC(C)(C)CC,448.0,11.522644902328768
1666,CCCC(C)C(C)(CC)CC,458.0,11.522729801871659
1667,CCCC(C)(CC)C(C)CC,454.0,11.52271829756757
1668,CCC(C)C(C)C(CC)CC,455.0,11.522665581725068
1669,CCC(C)CC(C)(CC)CC,453.0,11.522710206233064
1670,CCC(C)C(CC)C(C)CC,454.0,11.522600677837838
1671,CCCC(C)(C)C(CC)CC,449.0,11.522657851420764
1672,CCCCC(C)(C)C(C)(C)C,453.0,11.522765209553297
1673,CCCC(C)C(C)C(C)(C)C,449.0,11.52267676544171
1674,CCC(C)CC(C)C(C)(C)C,447.0,11.522657608531837
1675,CC(C)CCC(C)C(C)(C)C,446.0,11.522665462937677
1676,CCCC(C)(C)CC(C)(C)C,446.0,11.52269071721103
1677,CCC(C)C(C)CC(C)(C)C,442.0,11.52261606287856
1678,CC(C)CC(C)CC(C)(C)C,435.0,11.517825115612201
1679,CCC(C)(C)CCC(C)(C)C,439.0,11.52268721215389
1680,CC(C)C(C)CCC(C)(C)C,442.0,11.522624842057903
1681,CCCC(C)C(C)(C)C(C)C,455.0,11.522700876517275
1682,CCC(C)CC(C)(C)C(C)C,449.0,11.52267676544171
1683,CC(C)CCC(C)(C)C(C)C,448.0,11.522656596878791
1684,CCCC(C)(C)C(C)C(C)C,451.0,11.5226954610755
1685,CCC(C)C(C)C(C)C(C)C,452.0,11.522621034063128
1686,CC(C)CC(C)C(C)C(C)C,447.0,11.52262940506809
1687,CCC(C)(C)CC(C)C(C)C,445.0,11.52266394199946
1688,CCC(C)C(C)(C)CC(C)C,447.0,11.522630541344212
1689,CC(C)CC(C)(C)CC(C)C,437.0,11.522548823800738
1690,CCC(C)(C)C(C)CC(C)C,449.0,11.52267676544171
1691,CCCC(C)(C)C(C)(C)CC,457.0,11.522813759946786
1692,CCC(C)C(C)C(C)(C)CC,454.0,11.522745001520665
1693,CCC(C)(C)CC(C)(C)CC,453.0,11.522747639613785
1694,CCC(C)C(C)(C)C(C)CC,458.0,11.522723214166113
1695,CCC[C@@H](C(C)C)C(C)(C)C,445.0,11.522621005138122
1696,CCCC(C)(C(C)C)C(C)C,456.0,11.522707738172043
1697,CC[C@H](C)C(C(C)C)C(C)C,448.0,11.522607680410959
1698,CC(C)CC(C(C)C)C(C)C,443.0,11.522529799444444
1699,CCCC(CC)(CC)C(C)C,459.0,11.522701974010696
1700,CCC(CC)C(CC)C(C)C,452.0,11.522619978174387
1701,CCC(CC)(CC)CC(C)C,452.0,11.522619978174387
1702,CCC(CC)C(C)(CC)CC,459.0,11.522701974010696
1703,CCC(C)C(CC)(CC)CC,463.0,11.52277163359788
1704,CCCC(C)(CC)C(C)(C)C,456.0,11.522747684004255
1705,CCC(CC)C(C)C(C)(C)C,449.0,11.52267676544171
1706,CCC(C)C(CC)C(C)(C)C,448.0,11.522656596878791
1707,CCC(C)(CC)CC(C)(C)C,451.0,11.522759192089314
1708,CCC(CC(C)C)C(C)(C)C,443.0,11.522654726417018
1709,CCC(CC(C)(C)C)C(C)C,439.0,11.52268721215389
1710,CCC(CC)C(C)(C)C(C)C,456.0,11.522739332034055
1711,CCC(C)C(C)(CC)C(C)C,460.0,11.522745540931588
1712,CCC(C)(CC)C(C)C(C)C,456.0,11.522739332034055
1713,CCC(C)(CC(C)C)C(C)C,449.0,11.52267676544171
1714,CCC(C(C)C)C(C)C(C)C,450.0,11.522640861368831
1715,CCC(C(C)C)C(C)(C)CC,451.0,11.5226954610755
1716,CCC(C)(C)C(C)(CC)CC,463.0,11.522817866088396
1717,CCC(C)C(C)(C)C(C)(C)C,457.0,11.52281856895051
1718,CC(C)CC(C)(C)C(C)(C)C,447.0,11.533920611905083
1719,CCC(C)(C)C(C)C(C)(C)C,459.0,11.522786306163821
1720,CC(C)C(C)C(C)C(C)(C)C,447.0,11.522667672952675
1721,CCC(C)(C)C(C)(C)C(C)C,460.0,11.522816852890326
1722,CC(C)C(C(C)C)C(C)(C)C,443.0,11.522637432268487
1723,CC(C)C(C)(C(C)C)C(C)C,459.0,11.5226995864298
1724,CCC(CC)(C(C)C)C(C)C,462.0,11.522712549098143
1725,CCC(C)(C(C)C)C(C)(C)C,459.0,11.522786306163821
1726,CCCC(C)(C)CC(C)CC,446.0,11.522652263432475
1727,CCCC(C)C(C)(C)CCC,453.0,11.522672845248092
1728,CCCC(CCC)CC(C)C,447.0,11.522539094753945
1729,CCCC(CCC)C(C)CC,452.0,11.522552054996657
1730,CCCC(CC(C)C)C(C)C,445.0,11.522587939548465
1731,CCCC(C(C)C)C(C)CC,450.0,11.522591562606948
1732,CCCC(C)(CCC)C(C)C,453.0,11.522672845248092
1733,CCCC(CC)C(CC)CC,453.0,11.522611794336044
1734,CCC(CC)CC(CC)CC,452.0,11.522613338152174
1735,CCCCC(CC)C(C)(C)C,449.0,11.522657851420764
1736,CCCC(C(C)C)C(C)C,388.73322,10.100950258319195
1737,CCC(C)C(C)CCC(C)C,451.0,11.522586899004963
1738,CCCCC(CCC)C(C)C,451.0,11.522565107948237
1739,CCCCCC(CC)C(C)C,455.0,11.522641385053765
1740,CCCCC(CC)CC(C)C,449.0,11.522564615628415
1741,CCCC(CC)CCC(C)C,451.0,11.52259482423913
1742,CCC(CC)CCCC(C)C,455.0,11.522632690188681
1743,CCCCC(CC)C(C)CC,455.0,11.522632690188681
1744,CCCC(CC)CC(C)CC,449.0,11.522564615628415
1745,CCC(C)CCC(CC)CC,455.0,11.522632690188681
1746,CCCCC(C)C(CC)CC,456.0,11.522631723333333
1747,CCCC(C)C(CC)CCC,453.0,11.522611794336044
1748,CCCC(C)CC(CC)CC,453.0,11.52256395810811
1749,CCCCCC(C)C(C)(C)C,452.0,11.522689898667025
1750,CCCC(C)CCC(C)(C)C,444.0,11.52260717034567
1751,CCC(C)CCCC(C)(C)C,447.0,11.522616432432253
1752,CC(C)CCCCC(C)(C)C,446.0,11.522652263432475
1753,CCCCCC(C)(C)C(C)C,455.0,11.52266927395358
1754,CCCCC(C)C(C)C(C)C,453.0,11.522595401393609
1755,CCCC(C)CC(C)C(C)C,450.0,11.522597360338848
1756,CCC(C)CCC(C)C(C)C,453.0,11.522595401393609
1757,CC(C)CCCC(C)C(C)C,452.0,11.522612591346387
1758,CCCCC(C)(C)CC(C)C,444.0,11.52260717034567
1759,CCCC(C)C(C)CC(C)C,449.0,11.522573224722333
1760,CCC(C)CC(C)CC(C)C,377.09946,9.44152065435035
1761,CC(C)CCC(C)CC(C)C,444.0,11.522529000638473
1762,CCCC(C)(C)CCC(C)C,445.0,11.522579089478167
1763,CCCCC(C)C(C)(C)CC,455.0,11.52266927395358
1764,CCCC(C)CC(C)(C)CC,447.0,11.522616432432253
1765,CCC(C)CCC(C)(C)CC,450.0,11.522664744631891
1766,CCCCC(C)(C)C(C)CC,454.0,11.522654096545283
1767,CCCC(C)C(C)C(C)CC,454.0,11.522638322643726
1768,CCC(C)CC(C)C(C)CC,452.0,11.522622994504468
1769,CCCC(CC)CC(C)(C)C,441.0,11.522578551532032
1770,CCC(CC)CCC(C)(C)C,445.0,11.522631688453039
1771,CCC1CCC(C1)(C)C,407.0,11.522330106900585
1772,C[C@H]1CCC([C@H]1C)(C)C,411.0,11.522471338208094
1773,C[C@H]1CCC([C@@H]1C)(C)C,403.0,11.522368574247785
1774,C[C@H]1CC[C@@H](C1(C)C)C,411.0,11.522438591613833
1775,CCC(C)CCC(CC)C(C)C,470.0,11.52270833165379
1776,CCC(C)CC(CC)CC(C)C,463.0,11.522680522473204
1777,CCC(CCCC(C)C)C(C)C,469.0,11.522691226679324
1778,CCC(CCC(C)C)CC(C)C,463.0,11.522680522473204
1779,CCCCC(CC)C(C)(C)CC,471.0,11.522738270986029
1780,CCCCC(C)(CC)C(C)CC,474.0,11.522744095220217
1781,CCCC(C)CC(C)(CC)CC,469.0,11.52275355116145
1782,CCCC(C)C(CC)C(C)CC,470.0,11.52270833165379
1783,CCC(C)CC(C)C(CC)CC,470.0,11.52270833165379
1784,CCC(C)CCC(C)(CC)CC,472.0,11.522760947606113
1785,CCCCC(C)(C)C(CC)CC,471.0,11.522792206147704
1786,CCCC(C)(C)CC(CC)CC,464.0,11.522751651924043
1787,CCCC(C)C(C)C(CC)CC,472.0,11.522698324977146
1788,CCCCC(CC)C(CC)CC,472.0,11.522695163778243
1789,CCCC(CC)CC(CC)CC,470.0,11.52266869825911
1790,CCC(CC)CCC(CC)CC,475.0,11.522745887601664
1791,CCCCCC(CC)C(C)(C)C,469.0,11.52275355116145
1792,CCCCC(CC)CC(C)(C)C,460.0,11.522677993521352
1793,CCCCCC(C)(CC)C(C)C,475.0,11.522799349658309
1794,CCCCC(CC)C(C)C(C)C,470.0,11.52270833165379
1795,CCCCC(C)C(CC)C(C)C,470.0,11.52270833165379
1796,CCCCC(C)(CC)CC(C)C,464.0,11.522676955769485
1797,CCCC(C)CC(CC)C(C)C,467.0,11.522665545510042
1798,CCCC(C)C(CC)CC(C)C,465.0,11.522673913193877
1799,CCCC(C)CC(C)CC(C)C,391.27768,9.395881695189773
1800,CCCCC(CCC)C(C)(C)C,464.0,11.522758160702908
1801,CC1CCC(=C1)C,338.3272,10.668550389272129
1802,CCC(CC)(CC)CC(C)(C)C,473.0,11.522865897662273
1803,CCC(CC)C(C)(CC)C(C)C,477.0,11.52283599990048
1804,CCC(CC)(CC)C(C)C(C)C,477.0,11.52283599990048
1805,CCC(C)C(CC)(CC)C(C)C,480.0,11.522866412643324
1806,CCC(C(C)C)C(C)(CC)CC,473.0,11.522790557058903
1807,CCC(CC)(CC(C)C)C(C)C,470.0,11.522773442938327
1808,CCC(C(C)C)C(CC)C(C)C,466.0,11.522680189747268
1809,CCC(C)(C)C(CC)(CC)CC,483.0,11.522901915804518
1810,CCC(C)(CC)C(C)(CC)CC,483.0,11.522901915804518
1811,CCC(CC)(C(C)C)C(C)(C)C,479.0,11.52293875552662
1812,CCC(C(C)C)(C(C)C)C(C)C,479.0,11.522899759061495
1813,CCCC(CC(C)C)C(C)(C)C,458.0,11.52271548468454
1814,CCCC(C(C)CC)C(C)(C)C,463.0,11.522704468717173
1815,CCCC(CCC)CC(C)(C)C,457.0,11.522685375546343
1816,CCCC(CCC)C(C)C(C)C,467.0,11.52115639906115
1817,CCCC(C)(CCC)CC(C)C,462.0,11.522739726248513
1818,CCCC(CC(C)C)C(C)CC,463.0,11.52109335682988
1819,CCCC(CC(C)C)CC(C)C,458.0,11.534486290855007
1820,CCCC(CCC)C(C)(C)CC,469.0,11.522788806767664
1821,CCCC(C)(CCC)C(C)CC,471.0,11.522763074070602
1822,CCCC(C(C)CC)C(C)CC,469.0,11.521171036593966
1823,CCCCC(C(C)C)C(C)(C)C,463.0,11.522704468717173
1824,CCCC(CC(C)(C)C)C(C)C,455.0,11.522691779299182
1825,CCCCC(C)(C(C)C)C(C)C,474.0,11.522798441938257
1826,CCCC(C(C)C)C(C)C(C)C,465.0,11.521157587867929
1827,CCCC(C)C(C(C)C)C(C)C,465.0,11.521157587867929
1828,CCCC(C)(CC(C)C)C(C)C,465.0,11.522724893077328
1829,CCC(C)CC(C(C)C)C(C)C,463.0,11.521173875599843
1830,CCC(C)C(CC(C)C)C(C)C,462.0,11.521107403294183
1831,CC(C)CCC(C(C)C)C(C)C,464.0,11.527753590695013
1832,CCCC(C(C)C)C(C)(C)CC,467.0,11.522782855744433
1833,CCCC(C)(C(C)C)C(C)CC,474.0,11.522798441938257
1834,CCC(C)C(C(C)C)C(C)CC,467.0,11.52115474082624
1835,CCCCC(CC)(CC)C(C)C,476.0,11.52280066989374
1836,CCCC(CC)C(CC)C(C)C,468.0,11.52268288792065
1837,CCC(CC)CC(CC)C(C)C,468.0,11.52268288792065
1838,CCCC(CC)(CC)CC(C)C,467.0,11.522750429186031
1839,CCC(CC)C(CC)CC(C)C,466.0,11.522670166813217
1840,CCC(CC)(CC)CCC(C)C,471.0,11.522763074070602
1841,CCCC(CC)C(C)(CC)CC,474.0,11.52281482788489
1842,CCC(CC)CC(C)(CC)CC,470.0,11.522747560706543
1843,CCCC(CC)(CC)C(C)CC,477.0,11.522823413573738
1844,CCC(C)C(CC)C(CC)CC,471.0,11.522763074070602
1845,CCC(C)CC(CC)(CC)CC,472.0,11.522760947606113
1846,CCCC(C)C(CC)(CC)CC,478.0,11.52280804151992
1847,CCCC(C)(CC)C(CC)CC,474.0,11.52281482788489
1848,CCC(CC)C(C)C(CC)CC,473.0,11.522754336234819
1849,CCC(C)(C)CCC(C)(C)CC,397.5351,9.635639560378252
1850,CCCC(C(C)(C)C)C(C)(C)C,469.0,11.52286981015019
1851,CCCC(CC)(CC)C(C)(C)C,476.0,11.522884980755476
1852,CCC(CC)C(CC)C(C)(C)C,466.0,11.522770093464617
1853,CCCCC(C)C(C)(CC)CC,476.0,11.52280066989374
1854,CC1=CC(=COC1=O)C,424.31747,8.499457130986091
1855,CCC1=C(C(=CC=C1)C(C)(C)C)O,419.86154,8.622960022247806
1856,C/C=C\C(C)C(C)C,339.58463,10.089474534620594
1857,CCN(COC(=O)C)N=O,297.39624,1.2235382099563559
1858,CCCN(COC(=O)C)N=O,296.9606,0.7482408160807275
1859,C/C=C(\C)/CC(C)C,341.58463,10.100990201864459
1860,CCC(C)(C)/C=C\C,336.27768,10.092853351056498
1861,C/C=C/C(C)C(C)C,339.58463,10.089474534620594
1862,CCC/C(=C/C)/CC,349.3272,10.10458144458455
1863,CCCC(C)/C=C\C,343.02026,10.091160757419422
1864,CCCC(C)/C=C/C,343.02026,10.091160757419422
1865,C/C=C\CCC(C)C,345.45593,10.087031059534645
1866,CC/C=C\CC(C)C,344.02026,10.096730075057078
1867,CC/C=C/CC(C)C,343.02026,10.091171846632465
1868,CC/C=C(\C)/C(C)C,343.02026,10.091160757419422
1869,C/C=C(/C)\CC(C)C,341.58463,10.100990201864459
1870,CC[C@](C(C)C)(C(C)(C)C)O,379.3471,8.883498268114812
1871,CCC(C)(C)CC(C)(CC)O,392.24805,9.462536659709604
1872,CCC(C)(C)C(C)(CC)O,374.6638,9.406142537681843
1873,CCC(C)C(C)(C(C)C)O,349.88144,8.623058833542029
1874,CCC(C)(C)C(C(C)C)O,376.84204,9.16123475191546
1875,CCCC(CC(C)(C)C)O,374.45593,9.095414129885665
1876,CCCC(CC)C(C)CO,389.11932,8.913709304393734
1877,CC1=CC=CO1,288.9013,9.632734544415714
1878,CCC(C)(C)C1=CC(=C(C=C1)O)C,469.11932,9.41806324515848
1879,CC1=CC(=CC=C1)N2CCCCC2,386.06943,6.272747776112276
1880,CCC(C(=O)O)C(=O)O,438.3865,4.485084601084896
1881,CCOCC(C)OCC(C)OCC(C)O,394.7137,7.231573108841083
1882,CO[Ge](OC)(OC)OC,301.71295,6.9874690350874715
1883,CC(C)C(=C)C(C)C,334.27768,10.081139370149666
1884,CCC1=CC=CC=C1CCO,479.54486,10.363345124756057
1885,CC(C)(C)OC(=O)C1=CC=CC=C1,393.82214,8.255645708896376
1886,CCCCCCC(=O)CC(=O)C,438.09946,9.520833960116333
1887,CC(C)C(=O)OCCC1=CC=CC=C1,332.41614,3.83171224427781
1888,CC(=O)CC(C)(C)C1CCCCC1,327.85178,3.9368709927792978
1889,CCCCCC[C@H](C(=O)C)C(=O)OCC,327.85178,3.323603087214824
1890,CCN(C=C)N=O,300.44577,6.850374325907799
1891,CN(C=C)N=O,300.44577,5.398264269980592
1892,CCC(C)NC(=O)C(C)O,390.60413,5.551934660872959
1893,CC/C=C/C(=O)N,379.13885,5.706515688605739
1894,CCC(C)OC(=O)CO,366.3471,8.524461528058266
1895,CCCCOC(=O)CCO,417.19852,9.137925897547948
1896,CC(=CCCC(C)(C=C)O)C,381.83228,8.53324885606058
1897,CC(CCC=C(C)C)CC=O,387.57486,7.862696942406602
1898,CCCCC(CC)(CO)C(C)O,437.13922,8.420267276931124
1899,C1=CC=C(C=C1)C(=O)C2=CC=CO2,483.11932,9.535062054232307
1900,CC1=CC(=C(C(=C1)C(=O)C)C)C,425.18875,8.476029294659098
1901,CC(=O)OCCCC1=CC=CC=C1,439.61426,6.999209794157855
1902,CCOC(=O)OC(C)C(=O)OC1CCCCC1,402.38687,6.214662959359188
1903,CCCCCOC(=O)OC(C)(C)C(=O)OCC,429.63416,8.467029724360533
1904,CC(C)OCC(C)OCC(C)OCC(C)O,430.80264,8.432023443171563
1905,CCCO[Ge](OCCC)(OCCC)OCCC,390.9212,7.147605407473456
1906,CC(C(=O)OC(C)C(=O)OC)O,346.1884,4.886462127641938
1907,CCCCOC(=O)C(C)OC(=O)C,398.0897,8.725979651827219
1908,CCCCOC(=O)C(C)OC(=O)C(C)O,360.15872,4.425693499498706
