,A_act,A_pred,B_act,B_pred,C_act,C_pred,0
1424,19.995925257771454,20.651379,3126.634246074755,3270.4626,-84.0,-73.849205,453.0
111,20.681519969210427,21.115023,3466.0237758566127,3936.3196,-93.99,-75.65421,402.5
1850,19.797741758817452,19.928925,3168.034726046788,2832.9922,-86.15,-85.870636,469.0
968,21.66090151266452,21.070885,4389.093298276438,3791.7534,-64.054,-74.94763,368.0
415,24.136111410080325,21.257881,5877.3645679629535,4002.593,-42.345,-74.35603,428.0
1781,20.02781606130942,20.457283,3247.6581185625223,3143.818,-87.15,-76.23494,469.0
70,22.219186294311854,22.71128,3695.331317512611,4537.828,-82.0,-49.074905,395.0
530,21.09511030361402,20.626783,3633.698022328439,3266.2004,-81.803,-74.19892,408.0
617,22.191509221494066,21.080729,4805.870410448732,3749.0657,-73.685,-72.746895,368.5
1033,19.78710381568782,26.418512,3398.56033521698,6830.9307,-53.744,18.568268,325.5
1394,20.805583254020952,21.195742,3026.9783632499725,3565.5073,-58.15,-64.799736,348.5
949,23.2329914849062,20.736967,4877.549884393637,3568.3728,0.0,-79.81222,321.0
1085,22.724258334460096,20.68955,4679.117706249595,3273.951,-14.118,-73.32086,355.0
128,23.084474746408087,21.534052,4507.807677915931,3845.7007,-34.889,-63.233727,354.0
367,22.75389260460693,20.970734,4673.356638346924,3526.1985,-48.09,-70.68519,378.5
1895,22.969483646863964,22.959257,4844.371935788686,4763.218,-66.958,-40.53715,425.5
1214,21.524864785370436,21.39535,2444.8157741882883,3641.8877,-45.996,-62.710934,251.0
730,25.317314536935346,22.296936,6457.215361591272,4294.9087,-9.294,-53.6488,401.0
374,24.192133305392872,24.661928,6471.677898560368,5785.329,-48.247,-16.131472,507.0
1329,20.794622948978297,19.91367,3042.8662003916315,2806.9246,-58.15,-85.71108,350.5
275,21.242291542758203,20.267107,3641.215962657064,3267.3315,-63.14,-87.27476,398.0
861,23.69894260432448,22.739672,5978.841795596294,4665.9355,-32.836,-44.546444,437.0
1189,20.859578874451657,20.733236,3375.014100056023,3361.5654,-63.15,-74.03156,385.5
1273,21.216226279505506,22.83182,4611.580582886987,4717.4355,0.0,-42.263332,325.5
212,21.15357293912514,21.444996,3667.511484419056,4140.8076,-103.146,-72.250374,440.5
777,23.54747855690733,21.637753,5252.334752224998,3894.1401,-33.5,-59.077385,393.0
135,23.34148929448808,21.064396,4612.147018819864,3529.4775,0.0,-67.94452,337.5
1465,20.351651628788105,20.366228,2534.2712050511063,3070.6086,-42.0,-77.961105,329.0
1654,20.06606199970405,21.282112,3143.9957376759303,3638.8499,-84.0,-63.225216,452.0
1265,20.988822975721416,21.433214,3742.41227490906,3862.2341,-93.08,-65.13896,464.0
654,20.81253706100179,20.475525,3074.45766786751,3174.7573,-59.735,-78.06249,351.0
857,20.752738926136736,20.67721,2599.158052971679,3215.0818,-49.15,-72.93834,300.0
1538,20.772379976979977,20.615038,3079.016786351638,3207.0696,-58.15,-74.30466,354.5
1497,20.79328744962436,20.954103,3039.64258126144,3408.002,-58.15,-68.0409,350.0
231,21.01806580640244,20.887484,2728.2294603594605,3379.0254,-49.132,-69.01738,332.0
1283,20.63519195713939,20.736536,2769.5032981513787,3287.024,-55.479,-72.407196,326.0
1304,21.22292680212612,20.29634,3888.145188029746,3033.6614,-23.15,-80.072525,381.0
1289,20.631991363860127,21.858477,3454.315130658738,4374.9414,-66.0,-64.043144,445.0
593,20.94463636778686,21.03594,2758.6972663099573,3480.3167,-47.873,-67.8668,294.0
1736,20.460609955388584,20.675627,3318.02511900442,3254.3677,-68.45,-73.36499,398.0
585,20.640856316468152,20.370216,3052.790342142436,3070.7715,-52.989,-76.523094,347.5
324,21.29375431958662,20.51112,2950.1526116222262,3199.0586,-55.921,-76.96139,413.0
366,21.105610091638077,22.913067,3623.8199322794944,4759.11,-87.152,-40.958225,420.5
555,21.41242955527953,20.61133,3781.5539189048654,3435.982,-55.929,-80.07846,387.0
1550,21.60676773712823,21.807009,4221.688454260491,4312.7925,-103.166,-65.501495,451.0
1691,19.82339255675341,20.955809,3119.772542497633,3450.703,-81.15,-68.17064,457.0
414,23.048715599913887,24.368925,4976.2824305961285,6188.3936,-37.065,-29.200825,390.0
1364,21.318576186889093,20.85163,3401.125415010575,3367.4272,-59.03,-71.32351,369.5
99,21.48719449324905,20.583527,4440.632060412923,3615.8867,-64.59,-84.69131,610.5
1383,21.10807385768758,20.962389,3231.3788419550538,3438.9158,-108.32,-70.32216,399.0
1228,20.79768538715198,20.589804,3031.81379194526,3198.7388,-58.15,-73.923706,349.5
1026,24.98995601426438,21.921564,5721.923956090204,4037.3967,-0.15,-55.102306,387.5
1435,20.142346643834944,20.700151,3206.5339488016484,3329.7998,-84.0,-75.07855,456.0
237,21.22313403478449,21.048525,2774.405501814363,3480.4229,-39.639,-68.01803,267.0
289,21.0868670489811,20.928072,3262.403873498056,3710.6985,-61.291,-77.54825,366.5
1083,25.23379977561245,23.599934,5130.159587190734,5009.58,0.0,-30.469229,308.0
1746,20.142346643834944,20.551702,3206.5339488016484,3206.4968,-84.0,-75.46065,456.0
382,23.664726189842582,22.280788,6168.567899503724,4471.6743,-22.184,-54.82638,440.0
806,20.93641613900487,21.302788,3596.0806896641952,3717.5542,-83.024,-65.52363,399.5
1477,20.869364861096884,20.925282,3433.5481157050244,3467.4736,-76.951,-70.88989,421.5
1659,20.0764006067716,21.444883,3130.6867958384246,3728.944,-83.0,-61.213306,449.0
1073,23.820334890427123,21.783722,5667.810903819751,4013.3743,0.915,-57.558117,400.0
838,20.989122311783504,21.41619,4110.821284617921,4038.382,-78.775,-69.86782,423.0
1871,22.11287594056832,22.954525,4962.070875402169,4672.4917,0.0,-37.32817,401.0
297,20.65220806097662,20.51124,2403.9218629367138,3133.4377,-39.7,-75.32044,270.0
1261,20.767912961899565,22.064632,3366.885974677754,4148.2183,-73.15,-52.570026,397.5
1863,20.788912537947677,20.645994,3047.47137057762,3259.9258,-58.15,-74.124275,351.0
1313,26.53598072325337,24.284727,6493.301475168675,5502.2764,0.0,-15.324608,357.0
677,20.87753903817701,20.795296,2511.9591554999947,3330.2761,-116.0,-73.224236,355.5
1347,20.76381436043404,22.01389,2545.604528878823,3996.2344,-60.301,-48.143135,317.5
1475,24.59966784100189,21.313967,7068.936235491721,3652.7449,0.0,-63.31651,304.5
1268,20.482162151859008,20.897194,3391.194365504492,3463.0027,-107.729,-71.54211,462.0
1896,22.85366361668636,23.780012,4857.259504554174,5152.984,-42.648,-24.29577,392.0
65,24.148246033520405,21.804363,5030.084633879027,3988.3103,-15.491,-62.749973,357.5
1058,21.632602741871622,21.67935,3287.3224493744374,3843.9368,-29.569,-57.022762,314.5
1393,20.80643521050536,21.03626,3020.761383498889,3476.8179,-58.15,-67.873985,348.0
1673,20.017132066477927,20.657759,3158.663204718302,3251.7568,-77.15,-73.303055,449.0
916,22.724235308609167,21.40029,4467.765723148766,3781.6418,-30.672,-64.45058,293.0
29,21.97633264455377,20.790405,2419.2340538051244,3277.917,-35.32,-69.8396,245.5
610,23.16815068868749,22.929077,5775.857406723403,5085.163,-30.247,-47.6952,451.5
1719,19.771446237055464,20.354107,3116.7561560258105,3076.3833,-81.15,-77.7085,459.0
707,18.81055445189812,20.80628,2158.7472074048937,3570.4658,-144.325,-77.85349,386.5
1298,22.015085151668863,21.164503,4381.142471950329,3869.5132,-45.518,-73.21436,402.0
1775,20.14294531595912,20.795723,3291.6374938387085,3332.7407,-88.15,-71.16809,470.0
572,22.556238700224323,22.158669,4544.388847288328,4196.084,-34.46,-50.941708,369.0
1592,19.93145287516762,20.773033,3152.0087337995496,3313.8447,-79.15,-71.33091,454.0
331,23.15237798080048,23.599394,4279.672152072268,5096.6836,-19.036,-27.600899,358.0
1568,24.29379243724856,21.908087,4440.371868297415,4031.29,0.0,-53.44281,272.5
1562,20.760406534496408,21.619844,3102.7334128094767,3856.2795,-58.15,-58.630203,357.5
485,26.063628417276576,21.173964,6602.513086129382,3662.158,-35.95,-67.50027,418.5
1414,20.73599913251067,20.330132,3391.4775834709303,3079.9385,-68.65,-79.1087,396.5
413,25.984810929543382,21.34706,7102.7174613910365,4034.4026,0.0,-70.96376,338.0
1763,20.032559386600987,20.79376,3189.9323102811613,3350.1296,-80.15,-71.05857,455.0
1284,23.333637479320974,20.569813,4335.14603213268,3442.9905,-115.0,-82.13165,482.0
453,23.05882394847213,22.01951,6202.238601318576,4719.52,-36.052,-65.64533,475.5
438,24.28932542216815,21.936289,6626.69022960582,4139.237,-91.163,-64.17144,521.5
964,20.654648801175192,20.937849,3153.1830521969764,3469.2698,-59.55,-70.23929,367.0
1029,21.1533887323177,20.849096,3638.0222771330814,3459.2346,-78.871,-72.843506,433.5
1668,20.07891042452296,20.76574,3174.3668350525213,3312.3125,-84.0,-72.17789,455.0
694,20.84125029711143,20.825066,2750.506971134177,3339.3567,-48.317,-70.568115,311.5
322,21.05506834884685,21.075262,3030.2019823801643,3554.441,-58.15,-68.81608,341.5
1350,20.808553588790915,21.029968,3022.373193063984,3481.1335,-58.15,-67.996056,348.0
1681,19.97276125173593,20.387367,3167.5051314754,3113.9685,-80.15,-78.11807,455.0
196,22.211334479144742,23.292528,4907.644671559068,5314.242,-32.16,-41.935287,403.0
936,19.956574078532185,20.755169,5110.958330100257,3341.3313,0.0,-73.61345,304.5
596,20.678733841247908,20.662325,2852.879904368693,3229.5112,-51.208,-73.024605,328.0
120,23.453487033411317,21.057436,5299.896949905883,3866.1423,-40.19,-76.5515,405.0
1374,20.77889629279315,20.097662,3375.359487819972,2923.486,-71.75,-83.34562,396.5
1611,20.648040381958296,20.518024,3396.1748570606383,3172.345,-65.43,-74.87558,397.0
759,22.562685938484705,21.570314,4802.432650904892,3871.1858,-22.357,-60.470337,375.5
109,21.86083497628919,20.280083,4391.651470314754,3324.8586,-70.184,-88.22586,429.5
305,20.937152966234628,20.706839,2400.8248859866367,3277.3923,-46.402,-72.99252,288.0
1830,24.086651882282816,20.009062,4760.45652465961,2878.753,-83.15,-84.94694,462.0
1454,20.16841190708764,21.533688,3344.5739251266414,3821.1636,-91.15,-61.091988,478.0
1844,20.03605931594234,20.45481,3267.82876397715,3145.692,-87.15,-77.438484,471.0
755,21.234808141205967,21.716042,3618.254584109728,3923.606,-63.884,-56.836132,392.5
344,25.62873917076279,22.05599,6616.128271784256,4178.1377,0.0,-47.490925,406.5
427,21.12437616014597,20.986853,2659.025265389524,3457.03,-44.15,-68.366295,291.5
561,23.04747220396367,21.391386,5004.574293633746,3761.5222,-44.743,-62.91109,399.5
1133,25.62523924142144,21.921846,6108.758251713204,3970.112,-0.15,-53.79291,382.0
845,22.078866758744795,22.106325,4411.614883071013,4591.205,-34.0,-61.36217,371.5
1623,26.061417935587297,22.750122,6026.157616672228,4538.5923,-33.851,-41.863247,348.0
1840,20.03605931594234,20.089252,3267.82876397715,2911.9548,-87.15,-82.549324,471.0
1594,20.82066518638006,20.71037,2872.014386491473,3238.9924,-55.15,-72.49518,330.0
1317,22.62006635900212,22.980278,4906.903239159125,4651.2505,-48.995,-36.434574,423.5
613,23.14484852754639,20.867525,5433.267283662284,3649.1926,-33.749,-77.80692,416.0
979,21.576373613900707,21.759716,3682.2940807160794,3923.9597,-71.45,-57.254738,389.5
1124,21.92316595475654,22.496367,4398.550015253364,4423.132,-79.949,-44.927647,420.5
788,20.83203995673945,21.22395,3533.353666560852,3707.9463,-88.677,-67.80964,401.0
710,23.69792946688356,22.356619,5690.75846685653,4571.1035,-40.706,-53.204357,468.0
611,18.761210053355256,21.52343,2998.672684701797,4269.595,-135.697,-71.29925,401.0
1331,20.753521805068356,20.991215,2855.896290840515,3438.3235,-53.15,-67.691925,328.5
514,21.02375319158213,21.167557,4119.554989875647,3936.6265,-131.45,-75.77813,426.0
1164,23.556550742173727,24.475838,5154.553173665913,5638.8984,-41.06,-14.13992,381.5
251,21.071877220025712,21.081343,3031.8828694980502,3514.5537,-57.77,-66.77843,342.5
976,20.614560794706165,20.42731,2837.153248183544,3119.157,-51.73,-77.55764,329.5
1899,20.67329974042844,24.149273,3856.830030765027,6145.759,-136.85,-33.885574,492.0
480,20.3388032039692,21.569502,2988.179804433023,3955.4048,-147.55,-64.60017,427.0
527,21.020759830961243,20.335558,3660.850105745024,3126.8857,-67.952,-81.29893,419.5
239,21.27498825107872,21.048708,2734.084934250944,3431.3499,-47.175,-66.8,300.0
1606,20.71509165986628,21.494051,3291.0848734163897,3734.4412,-69.05,-61.1433,388.0
1582,19.98116568732536,20.317423,2782.651059032374,3041.2798,-62.0,-77.86746,391.0
932,20.810787096331115,22.498978,4008.066122257969,4884.4116,-108.709,-55.821728,501.0
254,23.031146875654343,20.365383,4112.5459208525735,3108.046,-35.329,-80.482025,360.0
1689,20.10948875455792,20.93944,3141.531971626426,3452.078,-71.15,-68.159744,437.0
1222,21.64579655445448,21.982616,2928.704031480987,4043.0845,-102.78,-54.857483,362.0
1055,23.003700061345857,21.237688,5842.924802727041,3689.2961,-2.239,-66.80432,482.5
1735,19.942758567974224,20.245481,3081.756862612301,3030.5198,-83.0,-80.60487,449.0
1567,24.32819305853789,21.342667,6134.086687736139,3739.9446,0.0,-66.17544,364.5
518,20.981846142889644,20.575949,3631.915821466461,3477.423,-66.828,-82.10466,420.0
1211,22.76218191094171,22.152334,4328.666557680995,4172.2593,-98.181,-55.22016,396.0
1433,20.12514633319028,21.53908,3165.732140953793,3809.7673,-84.0,-58.858162,452.0
1425,20.122199024271247,21.399515,3206.349741994209,3694.7673,-78.15,-60.836697,451.0
700,19.61864669028438,20.989775,2771.874960797162,3470.9348,-107.515,-68.95222,333.0
23,21.636148722914832,22.073097,3076.276710090975,4100.6904,-106.83,-53.958332,362.5
306,20.905147033442013,21.483667,2535.1461873864446,3791.8743,-57.17,-61.20698,298.0
63,22.701393664486663,22.947939,4469.105827672887,4687.82,-92.898,-39.24261,439.5
425,21.83797030631576,23.300764,4287.88777568407,4861.4546,-104.561,-34.12529,353.0
303,23.2026894650824,20.708378,4289.529518855376,3318.047,-29.918,-76.437996,363.0
1580,20.79768538715198,20.845554,3031.81379194526,3378.8733,-58.15,-71.13256,349.5
715,23.36106126777853,25.489506,5464.911710595301,6349.055,-30.36,2.209624,408.5
429,22.97224674897556,20.89476,4564.812777063185,3428.7998,-42.633,-71.32403,368.0
1733,20.129475193165103,19.961838,3175.9325929157576,2845.627,-84.0,-85.409874,453.0
921,21.367183758202195,22.470333,3081.895017717881,4341.92,-96.77,-47.38915,376.5
188,23.54678778137943,22.459856,6376.571923879341,4847.1514,-46.48,-56.86582,525.0
1432,20.12514633319028,20.829544,3165.732140953793,3397.7676,-84.0,-72.30944,452.0
1251,20.804086573710503,20.713968,3030.2019823801643,3268.3264,-58.15,-72.50407,349.0
1848,20.11073215050813,20.912466,3287.9073059880584,3410.5989,-90.15,-70.307045,473.0
1296,23.31823318504884,22.313734,4305.903201451655,4667.778,-115.0,-58.21752,480.0
1809,19.805685677388283,20.863514,3245.6088178297573,3399.1624,-91.15,-69.7992,483.0
859,21.770942054258704,21.833565,3557.4939686758007,3968.551,0.0,-54.80343,277.0
554,21.49559892883848,21.978552,3829.700973199371,4330.104,-55.85,-59.691906,387.5
416,23.53621891580259,23.342304,5859.641570502178,5406.415,-64.75,-43.59105,465.0
1552,20.34032291013057,22.18146,2764.732341838695,4258.171,-98.591,-51.56851,362.5
1067,23.778243634927197,21.737179,5794.114603925753,3974.2908,1.203,-58.263893,410.0
602,20.67030637980755,20.874392,3026.3106135730045,3368.0085,-55.669,-69.67652,353.0
1301,20.731186729666312,20.87227,2680.508384307159,3343.4553,-48.401,-68.38561,307.5
115,20.9486658916996,20.910465,3358.7946906609727,3759.8958,-60.109,-78.81423,379.0
1489,20.756238855478088,21.43248,3110.5622021256568,3717.9897,-58.15,-60.750916,358.0
765,21.24282113732959,20.717196,3010.8004003865967,3300.7307,-36.118,-72.463066,368.5
526,22.98841089632837,19.467438,4288.290728075344,2584.0483,-80.052,-95.382416,303.5
865,21.121543980481597,21.474796,3898.534451969336,3842.8132,-94.212,-62.625484,444.0
1389,20.245341275044566,21.262272,3079.200993159078,3649.0159,-66.0,-63.216335,419.0
591,20.657112567224694,20.761461,2393.9746953349795,3271.1174,-42.12,-71.068756,270.5
720,22.90577111734082,21.46724,4888.213155959292,3786.169,-41.531,-60.33284,391.0
1785,19.9917345529022,20.294909,3233.865633855488,3061.7317,-89.15,-79.563614,471.0
420,22.85670302900912,23.626814,5403.692880727868,5594.93,-45.117,-38.4654,434.5
1466,20.105712515005408,20.465046,3170.176130183273,3173.4583,-75.15,-77.23584,445.0
173,25.130828170253757,22.695372,7088.551957898937,4906.493,0.0,-50.569004,345.5
1605,20.70509844056269,20.140692,3371.2148346525823,2937.8723,-66.95,-81.16478,393.5
1229,20.82227699594516,20.246004,3272.203675653838,3010.4004,-63.15,-79.73497,376.5
1341,20.76733731562632,20.315704,3335.9852827297736,3058.8237,-71.85,-79.63258,393.0
482,22.00909843042708,22.521843,4635.564309215613,4495.4624,-69.15,-46.624107,488.5
772,22.674867884215374,22.850426,4998.311262180802,4643.089,-18.889,-39.942013,383.5
1323,20.7197198559032,20.913336,2918.066088351354,3413.5164,-53.15,-69.9758,335.5
1006,20.646129236331117,20.989664,3154.4724998490533,3492.0605,-57.01,-69.19127,365.0
32,21.288665606531097,20.572542,2153.1242946078023,3135.767,-29.57,-73.34756,226.5
879,23.638868159248265,21.443201,5562.278823837648,4057.43,-34.165,-69.31146,412.0
203,24.16956797148153,23.414267,5298.0410663209295,5011.814,-24.13,-31.12767,371.0
270,21.123432100257848,22.007614,3374.657199366609,4448.208,-65.548,-62.10934,385.0
124,21.14530665864129,20.867952,3823.580702022193,3709.3337,-72.51,-78.957756,427.5
1546,24.644568250315277,23.083399,5758.765317578109,4689.6953,0.0,-37.27318,404.5
163,21.150003932231,21.68105,3514.9421961572707,4317.024,-113.214,-69.41368,455.5
1573,20.80146162670449,20.902094,3033.4256015103565,3386.9329,-58.15,-68.03916,349.5
650,20.701161020053668,21.310743,2376.843462243104,3578.8118,-40.05,-61.121033,272.5
1553,21.54851233427548,21.857695,3687.3597679206655,4015.306,-71.35,-56.177902,390.5
1381,20.81032657931252,20.969131,3008.097165487422,3392.9976,-58.15,-67.467514,347.0
49,22.272537190916523,22.366175,4969.119088371824,4395.0044,-33.952,-48.345818,408.0
864,20.24522614578992,20.953922,2567.3593528374317,3390.5288,-55.0,-68.07758,349.0
233,20.568209756784192,20.487955,2154.696960226317,3126.504,-34.361,-74.96322,247.0
1315,20.853546101508016,20.437952,3269.25176156462,3117.1042,-70.374,-77.20238,389.0
774,24.398905446743736,21.099535,5243.3546703623215,3581.5828,8.743,-68.33885,337.0
1074,24.10500348547398,22.5038,5731.580997970221,4460.914,0.0,-46.351788,397.5
1494,20.69890448666253,20.749947,2998.1499978856878,3305.4988,-55.555,-72.29383,346.0
1446,20.178036712776358,20.458649,3330.9886730779767,3183.81,-90.15,-79.01142,475.0
256,20.618314008407744,20.373112,2748.388592848623,3071.2625,-51.343,-79.04834,315.0
247,20.686700785669665,20.931301,2930.546099555382,3418.602,-58.155,-68.206245,343.0
351,21.199900951196177,21.48494,3517.4289880577044,3822.6658,-66.45,-63.06149,391.0
218,22.672219911358432,23.337912,4767.110995578363,5011.987,-42.704,-32.082645,410.5
365,21.58282085216109,22.094229,3918.999828275866,4288.571,-139.05,-59.692047,488.0
1617,20.622850101040942,20.138197,3305.591159502252,2935.1077,-65.05,-82.36035,388.5
352,23.831847815892093,23.819315,7053.329313731408,5158.868,-0.215,-21.072475,394.0
1761,20.23995322592696,20.82945,3215.4219272606056,3368.362,-75.15,-71.79972,444.0
1874,24.852261425703336,21.061783,5913.03851880871,3502.8684,0.0,-68.342224,384.5
220,21.71699248552985,20.443636,3728.4079523734704,3158.8042,-54.183,-77.41378,379.0
298,20.87097667066198,21.097448,2658.134164958536,3482.3713,-65.752,-66.76027,323.0
1557,21.90472224816165,22.243652,3725.582680464366,4265.249,-93.15,-56.362156,404.0
78,18.393947731022703,22.743347,3468.489844491209,4926.6895,-113.642,-50.111042,307.5
59,23.01829845083544,20.597439,2727.3613857794016,3218.7205,-49.322,-75.10933,316.5
679,19.706052820414435,22.181301,3462.17615616622,4680.707,-142.01,-61.74289,414.0
350,20.861075554762103,20.523298,3121.0619901497093,3224.8083,-60.1,-77.29516,354.5
1000,22.527387309009107,21.38566,4895.767937649405,3793.2878,-65.738,-64.30243,434.5
1718,19.83403049988304,20.332623,3078.09575231444,3058.8555,-76.15,-79.3942,447.0
316,22.521907156487774,22.271393,4864.945533594587,4439.409,-61.783,-53.359543,420.5
73,21.581669559614596,21.684113,3524.3367433366866,3905.9207,-121.15,-62.000538,423.5
1258,20.393996168648265,20.316975,3103.4241883373747,3047.6077,-58.15,-78.21549,369.0
1601,20.72112443280993,20.218256,3342.6627794994565,3001.1816,-69.55,-81.35755,393.0
210,20.14393542754911,21.460945,3630.5089419746414,3844.9697,-126.15,-64.61279,448.0
69,20.573275443988777,20.526552,2595.934433841488,3149.103,-44.154,-75.37831,301.0
162,22.682121027258304,22.33382,4856.317747251139,4738.3213,-28.379,-57.87773,382.5
903,20.97217528549907,21.332685,3911.194064810616,4003.0188,-85.15,-71.62225,454.5
618,20.705674086835938,21.33229,3026.2645618711445,3650.9868,-59.091,-63.09452,349.0
1904,24.72267193666963,23.86472,6901.25047609443,5319.916,-7.17,-24.495356,442.0
1737,20.197746841172386,20.266651,3234.533383532456,3010.4233,-78.15,-80.07292,451.0
620,21.758692301563972,21.288185,4216.756316991298,3958.1768,-101.291,-72.20882,457.5
495,20.8794501838042,20.413149,2653.8905006321475,3176.6223,-38.64,-80.53022,292.0
1182,20.86178935614093,21.612406,3382.0853388766072,3804.7063,-61.62,-56.907784,382.5
1787,20.12889954689186,20.338345,3294.8841388198302,3075.207,-89.15,-80.093575,472.0
974,21.819089108553207,21.054792,3760.908940961081,3469.2153,-41.575,-64.63292,308.0
538,21.44607032348817,23.078362,2535.008032280865,4749.2954,-24.0,-34.693943,204.5
1110,20.808254252728823,21.193085,2761.26004351846,3541.2249,-53.15,-63.99239,318.0
45,19.90400606085913,22.052032,1988.051969291059,4093.0222,-137.85,-52.05637,347.5
1175,21.64752349327422,21.040855,5315.1699968277135,3781.611,0.0,-75.43951,315.5
1417,20.26544284290641,20.665125,3312.222604570075,3323.9656,-82.15,-75.706505,461.0
1739,20.161296919150285,20.662313,3213.5798591862103,3285.2422,-83.0,-75.4015,455.0
1695,19.86656602724705,20.879616,3020.5080991386594,3397.8494,-83.0,-70.65196,445.0
1117,20.772310899427183,20.59869,2822.9693240107003,3195.1147,-53.15,-74.528305,353.0
76,24.02333079222548,21.271854,6188.549732940726,4063.4504,-44.505,-74.93197,454.0
1826,24.071500872370912,20.903826,4779.798239440761,3415.8948,-84.15,-70.14935,465.0
1353,20.64267535869162,22.249691,3932.815338833831,4288.307,0.0,-47.503204,367.5
1883,20.83240837035433,21.040863,2968.7229603972232,3493.324,-58.15,-68.44367,342.0
1460,25.543543522322008,22.21064,6904.789549382362,4581.506,0.0,-58.298363,328.0
999,24.67565314907069,23.206537,6207.769410711948,4883.34,-0.15,-36.193756,413.5
692,22.75888921425873,23.299301,5046.0714821796855,4944.1865,-37.714,-32.430344,403.5
962,22.52174597553127,24.004642,5621.040795410856,5403.383,-28.815,-20.440502,469.0
30,21.88646274837421,20.881498,2886.895993947494,3338.4307,-20.307,-68.20116,280.5
1040,20.701943898985284,20.585463,3248.7380309711366,3254.1064,-76.065,-75.73668,398.0
943,20.77196551166324,22.11329,3625.7656166830743,4497.0044,-70.0,-59.64412,462.0
841,20.85824337509772,20.823395,3391.086144005121,3435.1812,-76.77,-73.85444,400.5
1285,21.6791149607501,21.335054,4020.543830876904,3750.195,-71.15,-65.36379,444.0
450,23.1798478209599,21.787434,4620.984340406775,4013.4229,-41.847,-62.161057,367.0
432,22.018999546326956,22.669827,4034.283356126799,4596.0283,-55.08,-44.652332,370.0
1481,20.745025266075206,20.9482,3317.804070835493,3489.1274,-61.689,-70.32424,406.5
1498,20.393075134611067,20.483187,2634.9171994658764,3145.349,-43.0,-76.17999,340.0
1208,22.479263280565533,21.054792,4174.886109660295,3469.2153,-26.095,-64.63292,309.0
1526,20.144534099673287,24.559422,3214.2015571613188,5658.1626,-109.61,-8.199202,383.0
44,23.026311446959056,21.80248,3694.9582987275458,3897.0657,-64.95,-55.578133,369.5
1007,19.453850675178792,20.930794,2449.3288409705565,3429.1904,-85.56,-69.48507,357.5
168,21.455741180878743,21.075968,3633.278951841514,3759.7563,-55.83,-73.9795,373.5
575,22.19360457392869,22.407295,3881.055528528417,4426.6616,-72.945,-46.968357,437.0
354,21.06059455307004,23.24152,3373.2871612362774,4951.9897,-72.15,-35.472904,388.0
1834,24.0505703738756,21.160696,4784.357357924889,3564.4114,-85.15,-66.21104,467.0
552,23.519502148027453,25.260015,6611.186924174691,7085.026,-44.143,-22.563429,497.5
1324,25.710665148371515,20.86027,6113.363421899192,3388.133,0.0,-71.88209,385.5
1395,20.556098159195045,20.306046,3102.503154300178,3058.1501,-63.15,-79.27116,367.0
1368,20.76876491838397,20.631287,2828.2652697245867,3209.5432,-53.15,-73.71243,325.5
576,20.694368394029336,20.933746,2600.9310434932845,3458.0908,-68.91,-70.10409,321.0
529,20.61941924925238,20.53446,3547.6066682864844,3275.3982,-84.669,-78.74531,439.5
1662,20.0764006067716,21.288021,3130.6867958384246,3622.0188,-83.0,-63.901447,449.0
1822,24.08906959663046,20.663134,4811.619965425938,3271.6174,-86.15,-74.18903,469.0
185,22.21214038392729,20.406418,4339.663704085135,3395.7554,-32.656,-85.27836,369.5
941,20.762640042036608,20.989552,3974.1006895512137,3610.47,-83.15,-72.76774,386.5
1447,20.169471096230417,21.483692,3310.4035623466098,3812.5178,-90.15,-62.175426,473.0
307,23.34620959392872,21.298067,3481.499450266625,3641.3428,4.316,-63.401993,246.5
1849,19.09315072036128,20.289734,2472.5158728570063,3005.643,-136.101,-78.56835,405.0
479,20.520362038551777,20.790318,2975.416575262557,3386.9797,-82.627,-73.56624,387.5
1796,20.16293175456631,20.055252,3264.720274101608,2947.1099,-86.15,-84.822586,464.0
1664,19.9368178984343,19.767157,3104.805739393172,2733.1294,-84.0,-88.42756,453.0
1299,21.28871165823296,20.836298,3841.515537311524,3655.1013,-67.012,-78.19289,416.5
1574,20.834549774490814,21.18895,2970.334769962319,3559.2715,-58.15,-64.12079,342.0
1866,20.78525142764981,20.889969,3055.530418403099,3360.1655,-58.15,-68.89943,352.0
1469,20.693539463395854,19.823818,3414.015286361156,2761.7795,-69.081,-87.18289,398.0
1539,22.27923771353714,21.472965,4224.826877742242,3816.126,-41.13,-62.569187,359.0
123,22.091530976756264,21.871954,3993.304249226784,4048.5684,-77.601,-54.92802,378.0
411,22.929464717947727,23.088863,4374.750495732178,4790.8145,-35.58,-35.6992,348.5
483,24.2079981166836,24.21032,4694.971004614859,5499.6255,0.0,-17.219864,315.5
985,21.02937149920904,21.533792,3957.469117424518,3951.2703,-98.944,-64.32263,475.0
1165,26.233858533201623,23.600344,6521.4666960261775,5040.8647,-8.486,-27.018936,398.0
1493,25.2524507148657,21.99116,5998.2341672494895,4071.2893,0.0,-53.65433,397.0
917,21.04857505888461,20.848303,4040.3046161449774,3794.3257,-102.038,-81.16056,489.0
1797,20.175572946726845,21.036768,3295.4597850930786,3485.5315,-86.15,-68.35784,467.0
194,21.81835228132345,19.4149,3936.5409215142954,2477.2537,-60.12,-94.18472,385.0
519,20.44990293470616,21.308298,3923.683286355016,4014.8955,-132.921,-73.30284,424.0
1262,20.73708134750438,20.715752,2617.3484752063323,3230.173,-50.15,-71.912445,303.0
1639,19.758735967342133,20.30593,3104.9438944987514,3054.7583,-85.0,-79.07683,462.0
1399,20.719581700797622,20.437572,3341.51148695296,3117.6443,-59.15,-75.791595,382.5
266,21.21901240746803,20.982208,3584.7335503259205,3851.5137,-105.55,-79.586205,433.0
1157,21.197229952488307,20.725782,2996.0707635467134,3253.2563,-61.257,-69.6958,319.5
67,21.28532685814626,20.829876,2725.569974577052,3379.1746,-50.74,-71.062515,305.5
471,21.175102109744635,21.729391,3283.391936620697,3896.9739,-62.623,-55.904472,350.5
1249,20.612741752482695,20.7694,3109.22670277172,3361.6797,-54.41,-73.3294,358.5
532,20.456557405624917,21.97393,3327.495651491905,3974.482,-30.036,-50.581093,262.5
439,21.777089956457,21.972935,6218.573139968275,4196.2515,-130.0,-62.057095,465.5
1345,25.99618569990277,24.694769,6058.3316381766335,5843.6187,0.0,-11.332696,344.0
383,22.94714857146192,24.20389,5269.811373080824,5577.083,-38.693,-20.77015,396.0
993,21.942922134854427,20.758312,4134.10732766337,3362.433,-45.514,-73.70968,376.5
807,21.415538045155078,20.443848,3884.850188761672,3161.0374,-72.261,-78.35575,400.0
361,20.498188144106244,21.331736,2935.3354765488098,3784.9077,-145.0,-67.91878,409.5
1476,20.74253847417477,20.569916,3392.1683589988284,3198.836,-68.95,-74.81021,396.5
963,21.216019046847137,20.594576,3837.027798965278,3237.8533,-23.15,-74.51159,377.0
342,21.24673553198768,20.536293,3089.8389362887106,3206.652,-49.263,-77.13122,318.0
1463,20.44695562578713,21.734547,2976.3214912041035,3894.5854,-93.05,-57.77928,379.0
1510,20.724946724064296,19.932646,3309.505554160342,2822.7273,-69.85,-86.11144,390.0
1586,24.27431256736183,22.412737,5901.525593343739,4369.622,0.0,-48.032196,404.5
1138,20.749929772323284,20.96186,3301.216247825564,3446.0776,-71.25,-69.75352,389.5
570,21.54957152341825,21.423838,4231.944168264688,3817.6946,-58.49,-64.309235,395.5
464,22.817559082428215,21.48949,3943.957548098828,3821.8958,-23.216,-61.807404,318.0
628,20.7742450709053,21.759861,3052.6291611859265,3898.5627,-60.783,-54.070652,350.0
1774,19.93875206991241,20.283718,2920.460776848068,3032.5322,-64.0,-79.313286,411.0
1034,20.394134323753843,20.279327,2362.083891797012,3014.182,-35.0,-78.67342,301.0
261,21.02105916702333,21.089127,2848.827354605024,3521.3562,-61.71,-67.49457,339.5
1230,20.10912034094304,23.13319,4920.605923047533,4834.1978,-9.034,-34.806572,371.0
240,18.230671422078498,21.388025,1626.7165009878756,3643.2468,-109.392,-60.191532,318.0
1728,20.288629874792854,21.04213,3250.904763543644,3513.7021,-76.15,-67.601776,447.0
631,23.147012957533804,23.229856,5357.010270552508,5006.3525,-51.869,-36.93464,424.5
669,24.3917213812536,25.195923,6034.822244377165,6164.324,-23.72,-19.0435,413.5
1190,20.86832869780504,20.246004,3400.6879238429065,3010.4004,-63.15,-79.73497,387.5
1651,20.82066518638006,21.057518,2997.505274059649,3449.4224,-58.15,-66.09677,345.5
926,20.768028091154218,20.013994,3249.154798872968,2879.718,-70.52,-84.35995,383.5
535,22.148980474826462,23.209435,3767.710777325785,4871.1714,-95.0,-42.368404,413.5
670,19.38700662992917,25.065481,2184.92299474205,5975.421,-137.65,-4.5330873,362.0
1281,23.333637479320974,21.243858,4335.14603213268,3928.5513,-115.0,-73.53128,482.0
693,21.32032615155977,20.73071,3444.683417214744,3373.1113,-90.134,-75.281815,377.5
71,23.243445221228395,21.53686,4402.082180786017,3830.3252,-59.35,-66.6971,389.5
609,20.964807013201487,21.973082,3729.036558103857,4448.725,-81.82,-62.053043,432.0
259,20.02788513886221,23.104628,2389.823134412311,4660.533,-75.601,-30.77816,327.5
51,19.59822276050952,23.839247,2187.9163553629423,5198.333,-123.65,-23.872435,362.5
1170,22.56485036847212,22.64844,3602.4588503717887,4371.382,-75.952,-43.00983,357.5
1163,20.90678186885804,21.513552,3702.556829534426,3892.1536,-81.55,-62.901085,433.5
590,20.60687016049556,20.691038,2331.0680705943823,3223.274,-36.503,-71.90257,260.5
332,20.68686196662617,20.92298,2856.8104171224336,3408.153,-67.499,-71.00434,366.0
1862,20.760406534496408,20.97651,3102.7334128094767,3456.3262,-58.15,-68.73736,357.5
1717,19.785607135377376,20.386389,3113.831872957708,3098.8264,-80.15,-77.86195,457.0
1588,25.166955730362837,21.084618,5589.972014751087,3503.9006,-38.884,-67.340866,381.5
398,23.056222027317048,19.949114,5435.758680732904,3012.019,-38.94,-90.185814,423.5
1612,20.666461062702247,19.988596,3290.8546149070903,2856.592,-66.25,-84.20956,386.5
818,20.753982322086955,20.934536,3671.3107498224967,3733.6243,-70.0,-77.4267,468.0
548,23.781329098951804,20.364376,5834.56411625438,3290.704,-44.647,-84.940414,459.0
599,22.61714207593401,22.787165,4103.20663571539,4578.5664,-88.15,-44.5189,411.0
1709,19.933778486111542,20.715935,3077.197744128173,3295.1914,-73.15,-72.771355,439.0
1471,20.88412443154298,20.89907,3429.771876152514,3460.9688,-78.049,-71.47191,421.5
887,20.80581351253025,22.83827,3728.875377147348,5073.229,-70.0,-50.256157,472.0
1885,21.42520890254565,19.964392,4088.8615305860367,3031.4224,-83.344,-90.35023,400.0
494,20.82540851167163,20.37449,2361.301012865394,3084.1416,-31.72,-78.73075,259.0
1376,20.81016539835601,20.237167,3354.6362219830257,2997.4502,-72.65,-79.497925,394.0
192,24.58009586771144,22.517246,6210.071995804942,4921.6245,0.0,-55.317448,327.5
557,20.92451177407409,21.964388,3745.200705456676,4454.4546,-80.15,-63.27625,435.5
1221,21.06029521700795,19.88443,3430.9784307412438,2834.3418,-108.429,-89.135155,436.5
1837,20.179763651596097,20.805159,3305.7062887569023,3348.0088,-86.15,-71.72572,468.0
733,21.50202314124793,21.091562,3492.761393956459,3768.2896,-90.526,-74.58758,423.0
584,25.81658406264924,23.224207,5616.166222768988,4734.2793,-58.15,-37.74772,451.0
812,20.67684572147165,21.616823,2972.1768380367143,3864.0637,-54.15,-59.211243,362.5
