,Actual,Predict
2609,478.15,404.36883955757617
8156,439.15,446.8146860047908
2616,478.15,503.7285446943174
4653,398.65,403.2499631180858
8530,489.54,470.852005494587
10707,454.15,443.83074638226566
11822,472.15,462.74082779137336
3305,382.84,427.3299681879136
6348,548.83,501.26795683649993
5852,428.68,422.66381371485625
9006,605.81,565.1275052080169
8265,455.15,447.2753284521585
6385,563.15,504.48092781203457
624,387.65,465.39864312739974
7698,547.7,498.952144055548
11902,478.15,456.56346741077556
9290,438.65,434.1725868173246
1634,509.15,472.2075770955953
1383,483.15,499.9023462652503
5324,573.51,547.2851206108451
2876,536.15,427.0763198213077
8935,567.45,539.3299036020851
8998,601.3,592.212740521499
4684,402.08,423.3328016891914
3422,704.0,435.965230015923
3963,396.39,396.9347715169426
4889,437.69,463.59233240997077
3487,367.8,377.13160155831855
12068,509.82,500.5194538586591
1662,513.15,520.4741336475824
12438,589.72,553.4502630214026
6630,388.64,404.2188661496514
3094,342.15,463.2908172679264
218,425.95,427.7820987117935
1372,481.65,481.8170238365753
6698,395.68,407.5664872402622
12346,561.45,530.124996425287
1950,578.15,505.11171285600255
1953,579.15,572.7708475490559
1530,498.15,543.4505014655449
8947,571.36,531.3199108833531
9567,477.15,587.3150781331747
10913,493.55,511.37018621070587
10798,470.26,458.12409546149587
6647,390.72,408.02012132879025
3068,322.65,352.7925763732728
2417,440.65,504.11480131719367
11336,581.4,562.8789014094261
8846,541.15,511.17282940051376
5981,452.82,448.60553257660155
10278,573.99,549.6173194804956
9137,390.15,502.6342500205792
7346,472.48,471.0697276787322
11563,451.65,567.5372521120701
1984,321.15,345.1133588685336
173,447.15,456.2972663343222
5702,409.05,397.49605225232307
11365,596.34,558.1980587966434
3297,366.59,365.2735497810885
8518,487.75,476.74750661815165
8276,457.09,451.39655649396104
7209,457.6,447.9486081032953
3669,490.04,467.4393431074685
8582,494.15,538.5134521856178
9720,491.15,491.8331002513644
2392,433.15,479.08703904569177
1236,466.65,490.98201125998384
2189,387.65,450.3246816147221
3468,350.35,367.3361791532228
1043,444.15,434.06988006356494
10934,498.15,456.677137251124
12123,522.39,514.1281603857085
2589,475.34999999999997,469.64301944781835
7077,443.15,472.4926776334645
5743,416.65,416.0492410057253
10739,457.29,455.7294340408404
3873,365.65,365.2214257184762
3210,383.76,347.0007487162891
720,399.65,415.8349185398887
1213,464.15,456.78724557707085
7090,443.92,428.4965221787681
5045,472.51,457.86830067968054
724,400.65,379.3338527415696
10715,455.15,446.8699556990771
10402,618.99,575.9947624157359
6258,512.48,508.5619118133285
11921,479.15,470.39667677435875
10638,448.15,444.28590773829796
3344,446.15,403.3672741422702
8873,550.08,516.9267164129743
450,431.65,427.842132913106
7512,499.45,506.41453166427146
10244,565.65,521.1187930087406
3817,337.15,385.05642700144443
10673,452.15,447.1230312998862
290,353.65,374.9968809365433
9810,501.65,503.0333770125905
3011,578.15,565.0376630869615
11430,632.15,667.4964084713425
8810,527.27,503.0564561542178
7633,531.13,524.4203671684979
1369,481.34999999999997,473.9962782660705
10912,493.25,487.65994567769155
2684,494.15,481.03359479757427
839,416.15,391.44767654086684
2927,546.15,502.0949335053897
4429,348.715,356.60831253236876
1579,502.15,524.1696030787648
4338,601.96,555.4357655255023
5502,371.15,455.4028362621566
4584,386.17,384.0561011679963
7780,582.02,553.4848202325609
6747,402.98,414.33363199115064
749,405.15,523.9303629266648
5747,417.54,421.47210958973295
9054,656.19,592.3209883530511
6464,625.02,575.6243358781632
5503,371.32,383.36592819397794
2655,486.65,433.1202684345862
11224,550.15,482.89253474171994
5965,448.15,422.5308615048659
4874,435.15,444.58543118745814
6595,384.35,393.6423732886145
1427,488.15,486.5433369874247
5049,473.15,495.6555184824479
2087,360.65,410.99001046348707
9330,443.76,438.12964205097455
7497,496.96,482.9347224473371
8061,420.64,425.0917939202205
12517,625.78,580.9900420487261
4226,489.32,470.82145640605245
7370,478.54,469.59888624463747
5654,400.89,408.20631489362717
970,435.65,441.14185099396934
10365,597.99,574.0297745529588
993,438.15,477.99423595410576
12180,529.06,511.79975242617263
5353,602.52,505.28681125491255
7460,490.78,470.4137696166669
8725,512.15,544.6945828294805
1277,470.65,449.19468196078265
741,404.15,445.01232835728257
1078,447.65,465.8673556395527
4250,504.5,464.57822632711077
4365,658.89,620.4413757800784
5914,439.15,441.7601371557618
3035,592.15,564.1860831486406
2303,414.65,540.7178524060205
2688,492.15,416.8410394885964
6152,488.28,500.1117580545323
8138,435.76,453.125098021432
11427,627.85,607.6992839385684
4367,677.65,636.1364084766271
8027,415.7,414.88021701668384
3546,405.72,443.00766277468614
944,432.15,434.6000016213209
10107,535.28,528.8446257471724
11689,467.15,460.8425602046533
9380,449.72,444.3487782819922
1739,522.15,487.62252664341736
2848,530.15,513.4265474213182
3821,337.74,353.443310450337
8204,444.45,443.85254325316174
9892,512.54,504.5272746947004
6389,563.49,529.2574828281121
2069,355.15,358.70633084777984
3954,394.65,399.8564143999787
8069,421.59,417.5100527441887
7949,398.15,473.1418717004609
8630,497.65,494.38126548907564
9182,421.2,425.31161180332043
7465,491.33,463.0063225101087
3437,317.15,565.6291088482908
3045,610.15,554.3971345808677
11187,543.02,529.299890015681
4075,428.16,404.79940935492385
11814,472.15,463.3008815158238
12421,584.2,591.8961577732068
9942,516.47,499.4198500771934
11378,601.68,583.314586693209
3708,518.08,480.672714982761
7038,438.88,439.84558634211976
3464,346.15,336.92339783001233
4023,413.15,421.19746941316725
9948,516.81,489.1701479841529
4526,377.15,384.0970206236869
8330,462.86,450.16838874399576
1358,481.15,495.51803304661837
1570,501.15,482.909142138286
4442,353.48,376.08602362879674
11757,470.15,466.2676643499366
4342,606.75,571.7852641866787
9059,664.15,592.9291230915863
10078,531.19,514.4031298604104
586,380.15,398.66175548509955
247,282.55,341.99433035761706
4345,609.18,578.5265011120657
5046,472.87,464.6440054091038
3307,384.76,394.4874694147503
6482,660.67,619.5110672657382
1482,493.15,511.1341051827081
3710,520.15,493.2169125329841
9202,425.9,446.17361543975665
5611,391.4,423.96934524849087
518,378.65,367.2889001378167
4454,355.86,369.67926488212595
2791,516.15,446.3752524437403
6916,423.85,464.4854038120493
9861,508.88,508.09548089565953
1470,492.15,402.3128893181574
8104,429.29,430.3742713608862
11791,471.15,463.72784211522156
3366,478.91,361.3322163510681
9859,508.65,501.3204010603892
11401,611.94,586.2409617200285
50,366.35,395.7576225864772
7642,532.6,507.2906574719383
1730,521.15,496.8744804922056
10206,554.86,539.9029661395864
1593,503.65,506.16045862527164
2407,436.65,421.4952303009608
6561,378.07,403.3473662284208
9295,439.45,430.0542047101061
6810,409.4,439.6470117318667
4053,420.44,421.437536617512
7924,373.15,469.6371080347992
5937,443.1,448.1425663107972
5270,546.65,431.73289869483534
4015,411.65,374.59311169864696
4600,389.58,394.65535687974887
10860,482.67,499.6164228435774
8829,535.0,510.5655468514532
6119,479.07,459.0492972239565
4315,563.11,574.0235233009033
379,394.75,407.30610584524544
6341,543.68,519.2411589012413
9350,446.82,447.21988679807197
8768,518.73,508.94985970848234
8524,488.57,465.3060385075128
6822,411.99,413.4357341779712
10591,431.52,436.4019453465453
4313,561.59,523.6844178796052
9994,519.7,489.0295171006534
2333,421.75,394.8038512289078
5684,406.15,417.27164546379447
9144,393.65,494.37114041050927
10211,557.21,524.0953516573239
3231,444.29,448.4293294193173
6443,599.65,488.34184579204003
10873,484.65,451.4916025190605
4269,523.34,520.6187646258309
1237,467.15,451.91267352923785
10116,536.34,546.3019127311211
5613,391.65,396.81145180867605
11608,463.15,460.7718536534812
2128,369.65,461.3016011484484
4925,446.15,552.8366865973551
8849,543.48,508.7845183020408
5526,376.67,397.37935591922286
12082,512.04,499.1208778367141
11026,510.15,488.03647080176745
7677,540.3,540.2143758834056
1328,476.45,473.80235801877046
4102,439.65,408.49849809823024
10090,533.02,519.2189682503368
10790,467.35,449.3727408027938
6101,475.56,474.01933594648483
10154,542.92,518.3301062299976
10632,447.52,445.3866827736492
11452,659.46,620.3317931341076
8757,518.15,486.3335343271222
2984,567.15,522.4071889995478
2021,339.15,415.0377921307841
11485,336.65,385.52466356162483
3375,493.02,438.17269100228896
12441,590.29,544.7402501749706
11595,460.15,457.827344991239
2982,566.15,445.91631495086176
11038,513.1,506.54249250581773
6020,460.15,387.2490278095083
149,440.15,435.3264238090685
5758,418.15,413.34037757709456
3702,513.04,488.6912221340544
9257,434.08,439.4840846999674
5610,391.31,410.75215568775553
9315,442.66,427.6397890316625
12190,531.5,516.9855787269889
6149,487.15,485.6079832523976
5333,580.9,549.6993676623958
200,429.35,423.3112687915832
10984,505.62,479.73452930583176
2820,523.15,545.1760541715387
251,304.35,330.52591301468595
8421,472.06,474.50878347442773
2145,371.34999999999997,368.87404158635786
5040,471.69,475.46167499740955
6651,390.85,392.5775920327719
3668,488.34,456.98726133318576
3889,372.9,372.54568278467696
7320,471.06,456.6739092278307
2980,566.65,476.9516657744664
9536,473.24,477.9956920586304
7655,535.12,492.7525379961829
385,404.15,410.2847421177029
6188,496.15,490.3012339370333
3946,391.65,402.9138526946196
6758,403.74,458.15034026061085
12574,659.6,587.2141320852159
7244,462.03889,432.68115203573996
3386,520.93,522.7490837164405
4077,428.6,462.2885611614662
4900,439.99,414.32341496917775
744,404.25,419.5044708238309
8918,560.78,539.3031052321103
10258,569.14,531.2668522076187
7174,453.15,506.1268499899203
5773,419.65,431.3605348539122
12176,528.71,518.0467858154382
6346,545.34,516.2384418663048
2391,433.15,478.9563249734838
3353,457.3,438.1240423307876
10311,581.53,539.5095092232252
7040,438.88,432.6484234409883
5321,571.41,552.212492481818
4336,601.0,550.6383379281519
4655,398.65,584.4581312840254
7628,529.67,496.3779933540458
10724,455.15,448.05014752844903
6051,465.02,468.2391306614869
1121,452.65,431.7474238529444
10841,478.91,469.9354057865527
9192,424.15,442.70185624610957
3942,390.82,416.898632621872
357,359.45,356.4646634488249
3060,311.45,350.2642394482945
5964,448.15,450.710879898794
11520,404.55,507.3031052449643
2348,425.65,571.6968819275887
2993,569.15,627.9870293862743
4475,363.02,381.48494492670153
12320,553.32,529.2507667082637
9381,450.82,458.46318365898196
7442,487.26,486.6541496504301
4382,327.45,374.51667421519016
4483,363.46,367.97642561528016
8747,515.65,459.8143269286193
9103,363.65,499.59536989066
12275,544.03,559.0046974116946
5587,386.64,381.0004519777313
3421,675.25,658.7595698532778
5517,375.15,396.70668673278993
11306,568.56,517.2023882833784
396,382.25,392.38338431038824
6887,420.84,405.09733741842604
7625,529.34,485.5466382037772
4024,413.65,404.52693347726364
9787,497.58,478.5835596588186
3222,423.28,398.8454160519049
4536,378.28,385.13438422606686
2201,389.15,537.4172923643854
6127,481.03,443.1143438779026
8710,509.56,532.0012039471169
7306,469.2,459.88661067910334
12130,522.89,507.99577707011696
2534,464.15,431.56525054667685
135,472.15,404.209168944621
7272,466.26,442.96308972817565
1989,327.15,457.87025224108606
5050,474.16,465.8991085727058
47,361.15,391.1995848991403
3635,465.2,455.95347780776854
83,386.45,387.54398761330896
11662,465.15,463.07183012533005
5544,380.74,398.52065810502097
3131,359.65,385.41844033278915
10393,614.33,568.2534703194693
2859,532.95,509.3540672895699
7998,411.15,414.6661382981596
6298,524.74,480.40675885733583
12347,563.02,543.9944673061907
10056,528.9,511.2870864996712
3160,369.65,487.9686869931388
360,359.85,370.3090718334229
9401,454.15,491.9472274270072
8,315.35,350.6878418210364
11658,465.15,460.70729776689984
9999,520.14,506.12886846372135
3698,508.73,489.7432286262551
7159,451.56,443.2416263517873
8794,523.08,508.7305023067879
8538,490.38,502.83073805946367
1650,511.15,470.67165706841286
311,339.45,342.984921714915
7645,533.04,518.3362905202749
2981,566.15,445.91631495086176
1617,507.15,507.42603580411617
10318,583.02,580.4699709133758
2543,466.15,441.6036133543174
11324,575.34,563.1745840163163
3522,390.1,395.5015204426149
7188,455.65,474.070395040755
5044,472.15,468.48933109418016
2507,458.15,427.9891773553102
7072,442.15,473.38968333353347
12255,540.7,526.0852543101903
5350,597.34,561.2742959994624
5871,431.1,453.3763494413987
8724,512.15,509.85695145111976
9750,494.56,503.6496656954022
4847,428.15,434.94878857818395
2677,490.65,466.6006372984762
5459,362.15,377.1472018840784
884,423.15,465.5901409942137
5632,396.05,406.21011050624975
7481,494.65,497.12565969036916
6830,412.83,413.0684662799433
2054,351.15,358.70633084777984
3169,285.88,312.4262061276297
10009,521.07,487.87497286917744
5769,419.15,425.79690784500974
113,418.15,430.2925810622877
4132,448.41,433.02667495711717
9004,604.78,559.0136937366374
5479,366.15,516.3351482095975
5945,444.49,434.95230212026837
5171,505.04,487.80511369379667
4901,440.31,430.19005317240396
1153,458.15,517.384472930897
8655,501.15,499.0554112633684
7049,439.98,431.55992645096546
3115,354.15,446.83502633406147
4768,414.15,403.07565147255144
9883,511.15,454.5106374168607
7502,497.8,497.9552244615112
2319,418.15,457.6069282579251
6210,501.44,518.8760849799845
5099,486.43,480.8396170221864
11291,564.49,536.2460664395593
5140,496.83,501.0640649730348
4129,448.06,432.13988100062875
4890,437.69,462.5419668924915
8875,550.15,531.1595207144203
6438,597.59,555.118861285529
5372,627.01,597.5372301359349
429,398.75,400.36887848577334
763,407.9,424.8791970572014
9015,610.9,548.8669237941461
927,430.15,445.73417956200507
4676,401.15,420.87851387889305
2308,415.65,414.4649313981563
850,418.15,406.6365222416482
5095,486.15,473.80855614153165
1351,480.15,528.2662330142678
5186,510.93,503.77578543611077
9440,459.62,440.7414705226167
12573,658.52,627.6545989474134
9187,422.68,436.94642755463144
5418,340.65,449.07192044493553
8750,516.15,523.2575780660741
7100,444.65,414.89901711672815
4896,439.15,389.6222698544953
1825,538.65,475.0253551197405
11687,467.15,462.53235124153093
12447,592.72,548.9874752964148
12160,527.15,496.7733613924905
9584,479.65,491.0211075994687
3314,395.67,418.5052134158925
4341,604.13,578.2563317491548
2874,535.8499999999999,511.11497791436807
8660,501.86,469.6781435082785
3069,323.54999999999995,354.25906247458
99,422.15,415.901084098635
5817,424.72,436.0555881211768
12024,499.51,470.3123271078533
11947,483.16,480.04338598539147
11299,566.84,515.403653226911
1747,523.15,505.08373047858356
1166,459.15,465.362750887855
6879,420.16,425.8381791719272
1053,445.15,467.4234646975773
3325,409.08,413.6361399364091
304,364.85,384.45377401414135
7841,626.68,606.8981572604581
5336,582.84,498.5182328436722
538,429.75,429.56564050448293
6066,468.99,448.8728152318018
11147,534.39,492.6590572368334
12138,523.92,524.43746470397
102,419.15,433.13460818480814
9247,433.15,436.4841627060744
8200,444.15,472.33637611664
12544,643.42,603.1626003541327
8376,467.35,488.0421186323121
7434,486.68,513.036197672549
772,409.15,493.4176928529673
3541,404.65,370.61052757109235
7478,494.03,483.01044472275936
434,434.25,426.5002196633229
2455,447.65,512.9254205749646
4508,370.65,384.8180153902998
5952,445.18,444.23348040032
3550,411.15,480.5035679555411
3528,391.84,426.73245911172955
2666,490.65,580.288182209933
811,413.15,398.8355061235957
4907,441.95,437.64333810915605
2673,490.15,475.50679256311076
4216,484.65,461.7900402211086
3877,366.42,406.77751405492324
293,363.95,384.45377401414135
12102,517.15,489.9255551774055
6817,410.6,415.05954661968866
103,424.65,418.09615133619934
7500,497.16,487.175230541484
8679,504.98,498.1666935427679
7413,483.15,533.8626960252504
9617,482.44,466.6066795294557
3706,516.14,497.27616612518864
8273,456.07,457.22061731812653
9713,490.78,488.08393658165215
2318,417.25,427.4279202462466
4191,473.15,424.54548472148434
3154,368.15,389.7358967670125
979,436.15,448.9974494666884
7820,605.04,558.3843184613153
8693,506.02,497.15152507760826
33,365.15,366.1904188615165
1434,488.65,467.9942728176241
1107,451.25,429.9903363735786
9910,514.12,492.01535101961787
895,425.04999999999995,432.89539808178046
7795,586.62,554.9766767055987
8806,526.03,491.56782854014114
11560,446.65,542.6881749120025
4292,538.78,510.86782756995376
8240,450.27,449.64091406431817
11525,406.15,587.0975539477646
12287,545.65,634.7507550497819
6554,376.8,372.9077143768965
12254,540.7,532.4466765811175
3328,419.15,402.39251341065
9026,623.48,581.1775996249936
9841,505.15,492.95441275212414
5272,547.2,467.0379694678646
1114,452.15,497.95214462936815
5245,536.36,513.5456676343144
8649,500.03,476.94531812774363
10658,450.15,443.4629394325987
2998,572.15,496.2932356138946
10425,626.93,600.5145261041482
2754,505.65,481.3340742199487
10708,454.15,441.05461556946784
7007,436.07,425.25448167025974
1457,490.65,503.27889589368795
1039,443.65,503.1952688662564
10540,378.15,462.999497387931
3921,386.15,461.8461175553374
7717,551.92,536.9577801001216
1402,484.65,456.9211460845956
1261,469.15,468.20409643202765
8251,452.15,462.82234843623837
3910,381.22,397.6405996034016
11528,407.65,506.81391717609904
12612,702.6,653.243120419087
12328,557.26,538.1571666642202
3334,428.33,435.88288014483715
8188,442.42,441.2498621824777
653,390.84999999999997,398.3263483959128
1282,471.15,485.956987088205
3527,391.77,413.55084145682764
828,415.15,511.9489610432912
5805,423.15,427.63803382670005
9158,401.15,455.45497273028286
3017,581.15,578.7749098411105
9265,435.26,427.0288674818193
4112,443.71,449.0413497368759
2996,571.15,506.03891544119637
10687,453.15,445.22069316595594
647,390.65,408.23622097496104
3025,585.15,523.8912770494192
9705,490.65,462.75784059156797
221,429.15,428.9343517497822
6463,624.37,591.8848355480153
2628,479.65,491.9047227303175
11623,463.15,466.7077857777891
5145,498.53,479.2362723278677
4608,390.15,395.7654747459011
457,425.35,426.58700423202555
5218,525.94,500.4514277013169
8278,457.19,447.4514251226103
4029,415.15,407.49317503825125
333,366.35,382.1705122813998
937,431.15,464.7324806224224
8550,491.24,474.24483897884977
1844,543.65,474.9557575396655
6946,428.15,444.0362423577172
2452,444.15,500.03565078244344
9607,481.83,486.08866806538765
7953,398.15,470.3052793312088
9263,435.06,428.769249141669
8665,502.11,467.44572339654997
3445,323.65,407.89233374562326
12166,528.03,526.1210430138088
9070,692.87,647.9018337557512
5082,483.15,539.4569446534083
2102,364.15,377.5753503217105
4217,485.2,446.69530459077504
9484,466.4,465.02365400025826
4381,325.15,349.5637448701608
9030,625.89,642.5104020397204
4772,414.65,456.6715669985899
70,360.65,389.53559380447734
6162,490.15,513.4989319063454
455,433.55,430.6921054831394
3995,407.06,407.70780640440825
6067,469.15,466.37545352109987
3894,375.65,373.9542401717975
6205,499.95,500.40602352751614
5421,342.75,424.3185549300192
8813,528.15,551.1146123223575
5709,410.15,430.96826366200526
3851,354.15,369.8619260281835
9604,481.65,570.5465994695503
1512,496.15,498.5686317284329
9842,505.28,514.3830441819537
2119,367.15,422.3311438253717
10693,453.15,437.8312433519608
3098,344.15,475.33737622297076
9296,439.52,448.40846499033614
2619,478.34999999999997,474.5610799226939
11242,554.39,527.628154857176
3601,441.42,439.71871740490343
5058,475.74,491.5276745243314
4374,307.95,456.0364159393743
5532,378.15,397.3567194230592
4385,328.88,372.8097852325725
11675,467.15,461.7687172896775
12129,522.86,536.1711544136681
5282,550.49,539.899663012611
8585,494.47,474.8824930221775
3671,490.49,423.99554531216717
9365,448.15,429.6270037606988
9044,642.67,583.0058787549578
1981,318.65,407.57813018419836
101,415.65,402.4916405046278
11674,467.15,461.5156416888685
8694,506.02,489.9944639262999
2215,392.15,397.53104714220365
9511,469.65,465.3722210702881
1491,493.15,498.32128556872243
7046,439.98,437.9225894131994
2801,518.15,470.873663145435
4246,501.74,487.78738679936896
11759,470.15,466.34389548535364
9741,493.23,488.53419215696186
4641,395.94,411.92364349310367
8221,448.15,472.5707807001994
6347,548.29,499.0328906865771
4549,380.43,387.3296485335474
1022,442.15,462.5513015579535
2798,518.15,513.836758840929
4148,456.15,492.639831160529
5664,403.02,416.67724351242884
533,410.75,407.06073293674416
5735,414.65,409.30790880452344
6326,540.68,526.1982171362235
8700,507.16,489.84923122178145
10354,593.84,552.8247992762444
11085,519.67,500.0203612504033
8362,466.03,464.4456588314679
2264,405.65,448.0719088115012
1655,512.15,510.2596423851627
19,346.25,368.0391928183868
6597,384.75,390.44473307436454
12273,543.54,552.8839088961977
1643,510.15,515.2167782480158
8261,454.15,483.6628587490112
6575,380.88,394.7373680167073
8644,499.63,490.35062606551224
12364,566.78,533.2132222226722
9815,501.9,493.8982832815171
3540,404.63,422.80443974349294
4783,416.65,428.8116923582055
2144,372.15,513.708751433996
321,383.45,397.3567194230592
6466,634.71,596.2602822958504
4098,437.14,423.89080922300445
4738,410.65,422.0297389248526
3693,506.47,481.0300233507793
7665,537.32,549.9411264356289
4832,426.15,447.9658317077085
5584,386.15,409.91854067155396
6834,413.34,426.4511878884973
2154,266.84999999999997,326.5892185931357
5692,407.15,424.7553439709371
12262,542.02,551.8384518029684
1006,440.15,456.0475195696025
747,405.15,384.86700428348234
9185,422.68,425.3551035242091
263,309.45,335.1014273327514
11437,636.59,622.632649900278
12271,543.39,532.4600800550772
1085,448.15,472.5707807001994
12502,618.19,586.0354268969286
7516,500.65,496.39401075237674
7886,703.84,671.9301984603737
11058,514.71,493.46462186045335
473,436.95,430.26445945347405
10930,497.25,483.4520016368465
2380,431.65,423.2317700891827
6479,658.64,609.9260858299979
1954,582.15,486.2976458027113
11845,473.15,458.99517820520754
11949,483.65,613.0479921190077
7571,512.35,501.62699631313336
7811,597.47,553.0491581870358
6021,460.26,445.3045082181153
3705,515.78,493.73344438172717
5848,428.15,434.89950551590226
8095,426.96,433.60420022223826
4074,428.16,405.04235988259154
7713,551.38,513.8631644558025
5493,369.15,450.0005697470581
11263,558.23,530.7382786380183
8986,594.08,567.3592885402677
5496,370.54,382.7226378974608
6735,401.39,411.1153296575071
9801,499.7,526.7942371656093
8625,497.26,491.1400021364704
2470,450.04999999999995,383.324031588695
8049,419.39,429.23062002981624
7333,471.59,467.4526824187654
8923,564.11,547.4723994232755
12132,523.16,494.12166292671765
2633,480.65,469.0604078970424
3378,505.04,456.24196101294075
4700,404.31,424.40094576893773
11073,517.59,522.1714070600797
2629,479.65,451.9244729644712
10803,471.34,467.82427542928826
10415,625.03,559.5741013443603
11135,531.65,470.1273756942201
967,435.15,369.6745470083808
10696,453.15,444.4469437284415
4708,406.11,417.9555817676012
10644,449.15,450.3614624656226
1608,505.65,525.4403797313441
4580,385.64,409.6661037538987
6939,427.15,437.76173357661077
2611,478.15,479.03425566927785
1010,440.15,410.18198231295366
3573,420.83,413.32789207642986
6260,513.09,537.4518816394775
9764,495.15,565.8754784031344
5676,404.87,403.4865670591563
10482,679.07,627.3506660074086
11448,653.95,618.7814191963882
95,411.15,416.75982961737617
6918,424.15,429.4249022837564
11039,513.15,525.1381548057057
11132,531.15,465.4361172721416
7474,493.15,589.9496694548944
9423,457.28,441.04834955530333
11670,466.15,467.5062435538389
7915,361.65,479.9960831681972
59,381.45,385.41163834822504
8192,443.15,441.2205507024845
5022,469.15,457.9943757299622
8759,518.15,465.356563482424
12002,495.39,487.8033144078627
3244,485.82,486.2846176087286
8850,543.72,494.54223373033267
5129,494.26,474.0880456896527
1498,494.15,501.3242038815787
12267,542.8,518.3893340353525
12576,659.64,593.9562609600631
10569,404.15,592.7588084465835
10719,455.15,454.3542095533152
9978,519.26,488.79017640795297
3542,404.69,445.837758283128
11892,477.15,469.5069778575086
5837,427.14,423.54428468360493
8917,560.61,535.9967419088287
9641,484.15,499.0723964598203
5148,498.78,438.7252809174979
8687,505.35,484.3637364751837
3404,578.06,495.9935617960903
9253,433.96,426.66125565346647
6414,576.92,589.9692277578084
10006,520.31,485.0523547315563
9438,459.15,491.17384654593616
12152,526.64,507.4351405949826
10251,568.22,564.5773567996505
8346,463.65,471.97213524894585
3592,431.96,438.2183492939161
5491,368.08,374.1065407268203
7488,495.32,474.17294279396776
7116,446.02,436.05674141230236
5268,545.71,539.2414471120605
6756,403.65,397.42827340840324
1562,501.15,524.6571570789893
9494,467.65,457.40419334907574
6081,472.92,464.60144501346247
10261,570.15,473.5783856962708
373,392.55,405.3839349340426
1327,476.15,407.62689742563117
1002,439.65,425.2670377993754
3694,507.9,476.8067914833147
8488,481.65,449.63309285296407
9955,516.91,490.09273627120035
4850,428.9,428.30907698551016
5335,581.15,522.0046939781796
8404,469.31,453.57951900046396
3315,397.42,373.6640635424718
613,386.15,370.59007607067497
9417,456.47,454.03390934083905
2769,509.65,458.4976105599868
1323,476.15,471.5976254950981
1595,504.15,450.1170029467621
9060,666.39,520.1660154219809
5076,481.15,468.01079178452875
3524,390.65,398.3263483959128
1453,490.15,506.27209844878075
4949,450.26,470.89388354841816
4253,506.45,489.6876292654483
6143,485.93,493.8281437638496
10067,530.12,507.8707638685248
11591,460.15,462.8322111738976
7744,565.45,544.954539396382
10442,636.15,488.2873734884637
611,385.65,365.0016416939885
3447,328.65,476.8370654841054
10713,455.15,451.0557441862661
5235,532.09,524.2889301423462
4339,602.47,562.5139283127379
1769,527.15,467.0794142045021
10668,451.15,446.8546566547584
2183,382.45,406.1753010273038
9403,454.55,449.51493803143296
6213,502.04,476.6262345041614
4193,473.15,464.3398155468795
1157,458.15,466.25265649698366
4685,402.15,411.829851120208
3351,453.11,464.9498990739209
4189,471.95,494.67406200279794
5601,389.15,450.90204876648335
2459,445.15,448.1417274606729
5666,403.65,425.5769624575601
10836,478.15,495.64234547439594
1807,534.65,490.4172122122194
6956,430.65,447.41240406828587
5278,550.4,474.67188586762165
3187,513.91,447.96790716189895
4104,441.52,446.0956789831921
8546,491.15,465.0852811848188
1665,513.15,452.68111093809523
12465,600.77,569.3336413579925
3088,338.15,343.4716260781654
8903,556.28,538.4000217444254
8201,444.15,457.8628282340494
119,441.15,439.8330894411414
9845,505.97,486.89959791375725
3482,364.57,396.02303588538405
8598,495.15,472.39813515175905
2057,352.65,446.2686460422713
8743,514.88,472.91472395140386
9104,363.65,451.43875473072046
8196,443.55,474.20107165121385
3492,369.98,368.7306854870094
5924,440.4,446.5131856285467
2271,407.15,419.9729378350122
2519,460.15,420.9041711613469
5763,418.65,440.21892366400016
3455,336.46,355.53984692670787
1978,317.15,327.7061814249093
9384,450.9,453.67640625629997
8008,412.17,446.5790996890523
3751,564.71,484.68384505312923
8870,547.8,524.7462246767535
5009,464.85,486.49890329913114
12226,536.54,524.1627868095472
11177,541.65,508.02778870970553
12616,711.41,681.373593867329
6717,399.55,410.3305782560069
6415,576.92,524.2649073206198
1864,548.65,528.6384550739916
3800,316.07,344.89166598225086
7144,448.95,444.9402185616869
11870,474.15,466.33998173568773
8615,496.82,486.98926417229126
12381,573.15,474.7156928474236
12239,538.15,494.0553451641015
4176,466.85,462.744792058642
7132,447.15,439.4955094614187
5279,550.42,519.8344231400595
9976,519.26,484.7393867135215
12277,544.03,520.5117924577075
3441,321.5,350.8707901148649
3070,323.65,362.1302426746719
10564,399.15,536.899588405315
10955,501.21,501.20315570792866
8289,458.65,438.4831619283725
1923,565.65,521.1187930087406
11255,556.15,473.5740974161721
4707,406.11,421.88827988041623
8283,458.08,549.0567443121496
4665,399.75,394.94420234507663
9316,442.75,433.93894304326733
2012,337.15,444.39632599908725
4058,422.22,432.5664358549344
8079,424.23,426.61989089531073
5470,364.15,348.9582929953013
424,414.35,413.20896610917714
554,373.65,397.4259513443905
1793,532.25,469.06072487815726
12458,598.66,586.448229490789
12188,531.02,475.37161448571004
487,438.85,431.83488000079853
6760,403.82,408.5275931322617
6779,405.87,409.7281634653042
5533,378.3,385.19592347875493
5761,418.15,418.6588205445663
9118,376.65,495.9384983086786
2157,373.15,504.27692179600473
1483,493.15,505.7387821593095
7907,355.65,442.9958843537587
7020,437.54,435.9730731292032
468,469.65,464.13469019035057
5328,577.0,516.5678533400701
2474,451.15,437.29497791077864
3984,403.0,395.66168698242586
10073,531.08,540.4843489767854
6433,594.24,563.5357938567142
2412,437.15,433.1238609025619
2055,351.15,372.797662334461
10023,523.15,493.6401426798509
4480,363.22,394.0707799623078
3858,357.15,362.07643679399695
8703,508.15,480.43878341759887
12510,623.83,585.4351707533941
12293,546.96,547.6464924194227
10155,543.0,530.4799833027637
6321,539.42,524.6153309883746
68,435.15,397.8401485729851
9402,454.25,471.51510908698447
2954,558.15,522.2286766185254
6216,503.45,477.4567750924776
5657,401.15,430.977194854828
177,443.65,430.35160707537074
1373,481.65,470.7933039299278
2522,460.65,453.98984642353037
8178,441.41,434.72311948151423
2351,425.65,399.985422606571
2337,422.15,469.36630019296103
8018,414.64,417.83994950630665
9372,448.22,466.78473770783864
6676,393.15,381.43491856855553
3912,382.34,374.66752992664044
5156,500.15,459.1197729166983
4489,366.4,353.0742483167143
1413,486.15,493.8982832815171
7277,467.1,440.9674325610945
10692,453.15,445.41030107243057
245,266.25,322.4274767609562
3194,308.76,333.0464206638254
11478,691.43,623.0464592206249
10080,531.39,523.8076458823904
3449,330.28,360.0559889319039
2685,491.65,472.99292884395425
10419,625.66,583.4520254622948
1414,486.15,436.25738651108924
8565,493.59,477.90227577197413
1740,522.15,418.7945259448304
3295,364.62,395.4904634935225
1496,494.15,501.7647644609447
12162,527.59,526.304599811955
673,393.54999999999995,418.8374515157162
12137,523.92,523.007290001991
10297,578.07,543.3192523050698
5957,446.21,440.0189978070484
4959,451.15,416.02802035891295
8534,490.22,466.5408638571622
8296,458.95,458.7038902435544
7864,670.43,658.0344703747066
4484,363.46,389.1554042575262
12551,647.1,614.2534949199928
5861,429.49,433.3293379149421
4094,435.4,407.89921070921343
10950,500.84,514.1770051024596
11099,521.94,508.5699223817959
461,425.75,425.31981781598137
10529,364.15,468.31508750248554
6884,420.65,441.7303311486113
5128,493.86,480.9372525928093
2884,538.15,549.6236705602371
2932,548.15,550.9796605959033
12136,523.89,505.3173250792506
5639,398.0,402.99400440644763
5079,483.15,419.03179736238536
5938,443.15,454.09137022993684
14,310.15,344.89166598225086
8361,466.03,450.4189354817564
2991,568.65,522.4841717874021
11507,388.15,550.7287085625102
8314,460.65,428.129479770889
12537,638.42,560.3168888010471
5196,517.11,469.73089377474
1783,529.15,493.5855960527443
10474,673.1,606.8452557312758
8021,415.15,420.3663466914493
7318,470.94,471.5081723665155
1175,460.15,457.12222766911276
5531,378.03,381.22542281688476
10366,598.4,570.4227159934028
9084,307.15,429.3589902305355
5577,385.4,473.38779735806503
9818,502.15,455.6347808240217
812,413.15,402.56774240416746
11142,533.58,522.3878229535893
8185,442.07,422.86225065898464
4504,369.65,382.87496063264325
10528,363.15,591.9019932108091
3519,388.94,401.17700551053656
4682,402.06,423.5082690308203
1208,463.54999999999995,474.9828294325323
114,420.15,415.85705898831134
8775,519.6,539.6351137270763
1964,610.65,575.7391479467163
6452,610.43,597.2682004587605
9119,377.15,433.5580474231347
3853,354.65,375.80261757221757
6515,341.45,451.428856175949
7534,504.61,471.573640401539
11818,472.15,467.89805741769203
214,421.45,423.61542990517876
4279,529.74,525.2155992668995
3048,613.15,539.780666425842
7150,449.86,451.34235426526885
5646,399.15,408.0216598021092
4439,353.15,482.27960706343544
3838,348.15,407.4262012243954
6706,397.65,395.7925913894692
11873,475.15,471.0516612695174
5032,470.72,389.5914883599089
12403,578.45,573.8818753093697
6913,423.81,441.93662009362833
7874,687.14,638.2291413232517
3015,579.65,521.7647016993228
736,403.65,410.3614012716873
8839,539.15,485.5056787384428
10384,610.87,588.4376741956729
9834,504.2,452.8918704707171
7246,462.15,424.26987158716634
7945,393.65,557.5477802953819
5562,382.78,420.11998577195436
3000,573.15,530.9023564193433
3208,378.99,403.4285296269973
1621,507.65,457.3727620617699
12038,502.52,476.77544400706597
31,356.15,386.94927422749447
7008,436.15,431.8931328919458
2236,398.15,551.3306825054168
9653,485.65,452.07652344480897
10075,531.1,519.8271230438195
8147,437.15,459.08880597744127
12359,566.31,529.0851556655522
1669,513.65,518.0725310602788
6018,459.97,443.797954796201
7445,488.14,485.2654358595131
483,436.85,432.48986449595725
1408,485.15,530.8087091887284
7249,462.4,449.33807816990515
7448,488.86,477.6911696025879
11056,514.38,478.87559231561977
6329,540.89,526.0146212248325
9849,506.2,489.03071166813294
3501,377.2,356.38768824255817
12406,578.78,557.7807650238971
5339,586.43,554.747779209922
4629,393.15,404.23799794248816
1178,460.15,462.5361254497951
12514,624.12,583.1788322832074
4441,353.39,347.0156643999415
11402,611.94,591.3422892679321
299,342.25,370.44106629567204
4515,372.15,428.7023382193654
1602,505.15,518.0494541037931
8394,468.15,452.40116682136625
4838,427.24,425.0903324505832
12399,577.9,540.3643473538045
668,393.15,519.6936760522244
2588,475.15,477.42046054354785
2894,539.15,502.40185637120254
7200,456.36,459.0492931123565
2442,443.15,406.72664864516344
10629,447.15,439.5786835451422
12350,564.15,541.557604630957
303,351.15,346.0890304617694
5117,490.15,435.80904151336847
3613,447.4,412.997877420388
10467,664.07,492.6892991937244
8558,492.7,490.93683183001525
1197,463.04999999999995,435.77084081814917
11138,533.03,516.0305166848389
1346,479.15,474.0794860036809
7087,443.65,448.57073279097597
5888,434.58,454.2512288804337
11585,458.15,455.9020019252564
4747,412.72,407.0240163607585
3745,558.89,541.0959838724755
2420,439.15,540.0603321207514
2085,359.65,373.95501058275056
2036,280.54999999999995,327.59073891479954
8507,485.45,530.8087091887284
10303,579.34,561.022364452479
11387,606.55,569.8273767802999
10863,483.15,495.51484934903704
8910,558.85,524.6924744167236
1068,447.15,382.871541047742
9048,645.27,618.613445693617
1217,464.15,459.54177777055673
7255,464.06,438.3594882916537
8878,550.59,548.6561433513517
5070,478.65,667.4333503680213
5202,519.56,521.5057025345616
8384,467.9,473.7873535828545
12548,646.3,626.6790504327996
10590,430.15,619.773751192492
1720,519.65,523.6423806624296
8576,494.03,472.14898763802057
8158,439.65,478.38665349056106
12448,593.07,520.6184725208182
9621,482.74,463.13592242584514
8854,544.26,520.7246323070682
11018,509.06,498.59570313685333
7425,484.46,451.55555429435225
10401,618.88,564.609534441566
5748,417.54,427.11718260113616
7012,437.15,435.33013939250543
1142,455.65,458.1988351476407
10981,505.01,495.72263395065465
10424,626.93,604.940149635828
12386,574.46,553.3795421360728
5843,427.95,433.4416784217789
8473,479.15,502.553873860355
4688,402.15,493.0894545283117
420,413.75,411.3771158863022
3578,424.26,422.3079151398563
12547,644.86,616.6913744015997
10398,617.51,536.9532149780364
1047,444.15,472.33637611664
856,418.84999999999997,414.3091577357451
8262,454.65,476.563527787892
5812,424.15,427.7400121504567
8297,459.35,469.3598592672615
2540,465.65,467.8407012609374
10095,533.65,497.5103339086162
8269,455.65,448.32398002062547
5065,478.01,466.5942806140527
3013,579.0,562.4744254150245
12415,580.88,591.585649774989
6967,431.2,441.0942901658179
1355,481.15,479.5107342867187
1139,455.15,470.85079522878993
3143,363.65,395.9061496780842
5863,429.65,436.1274755982257
9982,519.7,495.1605413774417
1701,518.15,489.7219854516913
9362,447.81,436.9507842091301
107,414.15,428.7023173690368
8207,444.86543,469.8282167350819
9904,513.65,499.3260100968042
4960,451.36,472.7196434966043
6449,607.58,555.9871073742097
4779,416.15,456.0692801724735
9723,492.05,444.72215604315693
4639,395.15,405.8687290295753
1350,479.65,467.9298745604922
2973,562.65,470.4890245827878
1626,508.15,528.2571095745959
11627,463.15,464.6812263069048
217,424.15,424.40740220932736
11339,582.84,516.3173680345892
11923,479.15,471.48889561103493
1795,533.15,434.6758183899394
2483,291.15,313.879799298968
3615,448.26,434.12677519736127
5910,438.51,434.6838810892928
510,329.25,352.2564267537658
700,397.25,397.80203178197223
169,440.15,440.2210738619557
5419,340.65,545.2017894065198
10680,452.15,449.2351524188893
573,376.15,385.75107724607864
39,378.15,392.06149489649385
11894,477.15,468.8262562270342
11103,523.15,554.1240476960329
5834,426.98,432.1765975766144
932,430.65,437.4271658888348
2900,540.15,497.19136557678667
6400,567.81,516.2335547215378
4601,389.58,396.05258594153975
5224,528.15,487.6126398970882
346,370.65,381.93772181110745
11906,478.15,469.0008266558906
11631,464.15,460.7619200658525
3679,494.85,492.22000141348815
6866,418.15,444.52356977259524
2813,520.65,497.9665055319088
6964,431.15,432.981077845983
11584,458.15,458.9518835919274
9450,460.83,450.9187788669954
3571,419.15,494.5700551803179
10141,541.1,523.4726237325903
5556,381.74,396.62774141094917
7066,441.22,456.0501342345085
2150,372.54999999999995,373.1621798317326
9205,426.15,445.61389841246955
10858,482.15,479.51445216519267
971,435.65,431.74865793983946
7759,569.9,536.9010946824512
6679,393.65351,391.3620988574693
1697,517.65,505.00617237038057
11409,614.56,573.9655855479925
1201,463.15,450.57940241186793
2221,393.15,541.2656912223174
9469,465.0,480.07571494763783
8721,511.88,475.98896266239495
7220,458.65,428.6664218967828
11220,549.15,525.4945779385282
9532,473.15,443.92279313976604
1713,519.15,461.9261530722973
4477,363.04752,380.3592542185415
10846,479.45,494.74994090201096
3975,400.45,426.69795731637697
1744,523.15,563.9742289650212
2935,549.15,481.3736931538024
5349,597.08,578.484948551767
2439,442.65,508.0890584204268
5893,435.15,448.07242095720596
9974,518.78,526.5718488995184
8313,460.51,459.0060581988696
2952,557.15,493.2806464697122
5195,516.47,485.9309672676634
4419,345.77,356.9410813444168
7015,437.35,421.9349771773552
9317,442.84,436.77680620011955
7656,535.15,492.7302134654245
9624,482.74,454.6608813830191
2453,444.15,417.1122692191257
9702,490.22,473.1015821971732
2444,443.15,505.866099329286
6498,317.85,486.85980177905776
5960,447.65,443.2611354931295
7324,471.15,469.60890541634006
10531,365.15,508.14511293436163
7852,637.66,591.5039942400881
6392,564.33,490.1202281862642
11554,435.15,571.1771607528096
5841,427.5,453.35696081388306
5825,425.65,432.3865482607988
12352,565.22,513.708751433996
